rank,symbol,segment,in_midcap150,sector,date,history_sessions,eligible,score,setups,entry_style,reason,not_eligible_because,warning,flags,n_flags,zone_status,deep_pullback,drop_from_20d_high_pct,close,chg_pct,entry_low,entry_high,t1,t2,time_exit_days,support,resistance,room_pct,pat_A_uptrend,pat_B_base_breakout,pat_C_pullback,pat_D_retest,pat_E_candle,pat_F_room,pat_G_rel_strength,vol_ok,smc_sweep,smc_order_block,smc_fvg,smc_choch,sweep_level,ob_low,ob_high,ob_date,fvg_low,fvg_high,fvg_date,choch_level,vol_ratio_today,trigger_vol_ratio,candle,ret_1m,ret_3m,rs_3m_vs_nifty,high52,pct_below_high52,base_days,base_high,base_low,base_range_pct,breakout_date,retest_level,retest_break_date,pullback_support,last_swing_trough,price_band,avg_value20_cr,stale,sector_tag,sector_1m,sector_3m,chart
1,GKSL,Cash (non-F&O),False,Unknown,2026-10-07,195,True,11,D+C+A+G+OB,Retest,"Retesting ₹186.99, an old peak it broke on 01 Oct, now holding as support; Pulled back 12.1% from its 20-day high to support at ₹186.99 and holding; Uptrend: higher highs and higher lows; Beating Nifty: 1M +6.1% vs -5.4%, 3M +42.9% vs -5.4%; Back at a demand zone (order block) ₹171.97–₹179.90 from 28 Sep and holding; Next resistance ₹209.80 (8.9% above entry)",,,,0,In buy zone,False,12.12,187.12,-3.36,186.99,192.6,198.38,204.16,30,186.99,209.8,8.93,True,False,True,True,False,True,True,False,False,True,False,False,,171.97,179.9,2026-09-28,,,,,0.96,0.96,,6.11,42.86,48.22,209.8,12.12,,,,,,186.99,2026-10-01,186.99,169.93,20,51.53,False,No data,,,data/charts/2026-10-07/GKSL.png
2,ACMESOLAR,Cash (non-F&O),False,Power,2026-10-07,475,True,11,D+C+A+G+OB,Retest,"Retesting ₹430.50, an old peak it broke on 18 Sep, now holding as support; Pulled back 9.3% from its 20-day high to support at ₹411.50 and holding; Uptrend: higher highs and higher lows; Beating Nifty: 1M +5.7% vs -5.4%, 3M +15.7% vs -5.4%; Back at a demand zone (order block) ₹403.40–₹420.35 from 17 Sep and holding; Next resistance ₹476.90 (7.6% above entry)",,,,0,In buy zone,False,9.34,436.15,-2.69,430.5,443.42,456.72,470.02,30,430.5,476.9,7.55,True,False,True,True,False,True,True,False,False,True,False,False,,403.4,420.35,2026-09-17,,,,,0.34,0.34,,5.71,15.69,21.05,476.9,9.34,,,,,,430.5,2026-09-18,411.5,389.6,20,103.91,False,Improving,-4.48,-10.61,data/charts/2026-10-07/ACMESOLAR.png
3,YATHARTH,Cash (non-F&O),False,Healthcare,2026-10-07,502,True,9,D+A+G+OB,Retest,"Retesting ₹1019.00, an old peak it broke on 17 Sep, now holding as support; Uptrend: higher highs and higher lows; Beating Nifty: 1M +6.5% vs -5.4%, 3M +24.5% vs -5.4%; Back at a demand zone (order block) ₹960.50–₹994.90 from 16 Sep and holding; Next resistance ₹1184.00 (12.8% above entry)",,,,0,In buy zone,False,14.65,1032.7,-2.47,1019.0,1049.57,1081.06,1112.54,30,1019.0,1184.0,12.81,True,False,False,True,False,True,True,False,False,True,False,False,,960.5,994.9,2026-09-16,,,,,0.32,0.32,,6.47,24.46,29.81,1184.0,14.65,,,,,,1019.0,2026-09-17,,960.5,20,93.61,False,Leading,-3.21,-0.28,data/charts/2026-10-07/YATHARTH.png
4,GRANULES,Cash (non-F&O),False,Healthcare,2026-10-07,500,True,9,C+E+A+G+Sweep,Pullback,"Pulled back 9.3% from its 20-day high to support at ₹804.30 and holding; Hammer at support; Uptrend: higher highs and higher lows; Beating Nifty: 1M -2.5% vs -5.4%, 3M -4.2% vs -5.4%; Liquidity sweep: dipped 2.0% under ₹816.00 and closed back above it; Next resistance ₹883.00 (6.6% above entry)",,,,0,Above buy zone by 2.0%: wait for a dip into the zone,False,9.27,845.3,1.06,804.3,828.43,853.28,878.13,30,804.3,883.0,6.59,True,False,True,False,True,True,True,False,True,False,False,False,816.0,,,,,,,,0.92,0.92,Hammer,-2.54,-4.17,1.19,923.65,9.27,,,,,,,,804.3,829.0,20,112.92,False,Leading,-3.21,-0.28,data/charts/2026-10-07/GRANULES.png
5,SHREEJISPG,Cash (non-F&O),False,Services,2026-10-07,281,True,8,B+A+G+Vol,Breakout,"Broke out of a 10-day base (₹714.35–₹799.50, 11.9% range) on 07 Oct on 2.0× normal volume; Uptrend: higher highs and higher lows; Beating Nifty: 1M +14.9% vs -5.4%, 3M +45.4% vs -5.4%; No resistance overhead (at or near its 52-week high)",,ASM,On NSE ASM list (surveillance; higher margin / trade restrictions possible),1,,False,0.74,802.1,0.7,808.0,816.08,840.56,865.04,30,799.5,,,True,True,False,False,False,True,True,True,False,False,False,False,,,,,,,,,2.05,2.05,,14.88,45.37,50.73,808.0,0.74,10.0,799.5,714.35,11.92,2026-10-07,,,,655.75,10,71.23,False,Leading,2.35,6.69,data/charts/2026-10-07/SHREEJISPG.png
6,PCJEWELLER,Cash (non-F&O),False,Consumer Durables,2026-10-07,502,True,8,C+A+G+OB,Pullback,"Pulled back 13.1% from its 20-day high to support at ₹12.66 and holding; Uptrend: higher highs and higher lows; Beating Nifty: 1M -2.8% vs -5.4%, 3M +31.5% vs -5.4%; Back at a demand zone (order block) ₹12.30–₹12.90 from 17 Sep and holding; Next resistance ₹14.44 (10.7% above entry)",,ASM,On NSE ASM list (surveillance; higher margin / trade restrictions possible),1,Above buy zone by 0.8%: wait for a dip into the zone,False,13.09,13.14,1.62,12.66,13.04,13.43,13.82,30,12.66,14.44,10.74,True,False,True,False,False,True,True,False,False,True,False,False,,12.3,12.9,2026-09-17,,,,,0.58,0.58,,-2.81,31.53,36.89,14.86,13.09,,,,,,,,12.66,11.81,20,448.48,False,Leading,-4.41,-2.96,data/charts/2026-10-07/PCJEWELLER.png
7,IOLCP,Cash (non-F&O),False,Unknown,2026-10-07,502,True,8,B+A+G+Vol,Breakout,"Broke out of a 10-day base (₹195.50–₹216.55, 10.8% range) on 07 Oct on 1.9× normal volume; Uptrend: higher highs and higher lows; Beating Nifty: 1M +4.4% vs -5.4%, 3M +28.7% vs -5.4%; No resistance overhead (at or near its 52-week high)",,ASM,On NSE ASM list (surveillance; higher margin / trade restrictions possible),1,,False,1.72,220.22,2.48,224.0,226.24,233.03,239.81,30,216.55,,,True,True,False,False,False,True,True,True,False,False,False,False,,,,,,,,,1.9,1.9,,4.38,28.74,34.09,224.0,1.72,10.0,216.55,195.5,10.77,2026-10-07,,,,173.55,20,69.54,False,No data,,,data/charts/2026-10-07/IOLCP.png
8,WOCKPHARMA,Cash (non-F&O),False,Healthcare,2026-10-07,502,True,8,C+A+G+OB,Pullback,"Pulled back 9.7% from its 20-day high to support at ₹2067.70 and holding; Uptrend: higher highs and higher lows; Beating Nifty: 1M -3.3% vs -5.4%, 3M +18.8% vs -5.4%; Back at a demand zone (order block) ₹1967.30–₹2075.00 from 16 Sep and holding; Next resistance ₹2272.90 (6.7% above entry)",,,,0,Above buy zone by 1.0%: wait for a dip into the zone,False,9.75,2150.4,-1.19,2067.7,2129.73,2193.62,2257.51,30,2067.7,2272.9,6.72,True,False,True,False,False,True,True,False,False,True,False,False,,1967.3,2075.0,2026-09-16,,,,,0.47,0.47,,-3.31,18.76,24.12,2422.3,12.64,,,,,,,,2067.7,1967.3,20,206.74,False,Leading,-3.21,-0.28,data/charts/2026-10-07/WOCKPHARMA.png
9,BBOX,Cash (non-F&O),False,Information Technology,2026-10-07,502,True,8,B+A+G+Vol,Breakout,"Broke out of a 10-day base (₹775.55–₹854.60, 10.2% range) on 07 Oct on 3.3× normal volume; Uptrend: higher highs and higher lows; Beating Nifty: 1M +14.8% vs -5.4%, 3M -4.1% vs -5.4%; Next resistance ₹1000.00 (10.9% above entry)",,,,0,,False,0.93,884.85,5.35,893.1,902.03,929.09,956.15,30,854.6,1000.0,10.86,True,True,False,False,False,True,True,True,False,False,False,False,,,,,,,,,3.28,3.28,,14.78,-4.07,1.28,1103.0,24.65,10.0,854.6,775.55,10.19,2026-10-07,,,,775.55,10,63.97,False,Weakening,-6.55,-1.42,data/charts/2026-10-07/BBOX.png
10,SYNCOMF,Cash (non-F&O),False,Unknown,2026-10-07,501,True,7,C+E+A+G,Pullback,"Pulled back 10.2% from its 20-day high to support at ₹22.59 and holding; Inside-day breakout at support; Uptrend: higher highs and higher lows; Beating Nifty: 1M +23.0% vs -5.4%, 3M +78.3% vs -5.4%; Next resistance ₹27.49 (18.1% above entry)",,ASM,On NSE ASM list (surveillance; higher margin / trade restrictions possible),1,Above buy zone by 7.2%: wait for a dip into the zone,False,10.22,24.94,7.41,22.59,23.27,23.97,24.66,30,22.59,27.49,18.15,True,False,True,False,True,True,True,False,False,False,False,False,,,,,,,,,1.34,1.34,Inside-day breakout,23.04,78.27,83.63,27.49,10.22,,,,,,,,22.59,16.61,20,76.56,False,No data,,,data/charts/2026-10-07/SYNCOMF.png
11,CHENNPETRO,Cash (non-F&O),False,Oil Gas & Consumable Fuels,2026-10-07,502,True,7,C+A+G+Vol,Pullback,"Pulled back 4.0% from its 20-day high to support at ₹1354.00 and holding; Uptrend: higher highs and higher lows; Beating Nifty: 1M +10.6% vs -5.4%, 3M +36.6% vs -5.4%; Volume 10.3× normal on the latest session; Next resistance ₹1489.70 (6.8% above entry)",,,,0,Above buy zone by 15.6%: wait for a dip into the zone,False,4.04,1612.3,14.7,1354.0,1394.62,1436.46,1478.3,30,1354.0,1489.7,6.82,True,False,True,False,False,True,True,True,False,False,False,False,,,,,,,,,10.29,10.29,,10.6,36.55,41.91,1677.5,4.04,,,,,,,,1354.0,1325.1,20,383.28,False,Leading,-1.92,-2.6,data/charts/2026-10-07/CHENNPETRO.png
12,SANSERA,Cash (non-F&O),False,Automobile and Auto Components,2026-10-07,502,True,7,C+E+A+G,Pullback,"Pulled back 11.3% from its 20-day high to support at ₹4040.40 and holding; Bullish engulfing at support; Uptrend: higher highs and higher lows; Beating Nifty: 1M +5.7% vs -5.4%, 3M +29.0% vs -5.4%; Next resistance ₹4743.50 (14.0% above entry)",,ASM,On NSE ASM list (surveillance; higher margin / trade restrictions possible),1,Above buy zone by 2.4%: wait for a dip into the zone,False,11.31,4261.7,0.68,4040.4,4161.61,4286.46,4411.31,30,4040.4,4743.5,13.98,True,False,True,False,True,True,True,False,False,False,False,False,,,,,,,,,0.39,0.39,Bullish engulfing,5.66,28.99,34.34,4743.5,11.31,,,,,,,,4040.4,3800.0,20,135.27,False,Weakening,-7.53,-4.3,data/charts/2026-10-07/SANSERA.png
13,SHADOWFAX,Cash (non-F&O),False,Services,2026-10-07,176,True,7,B+A+G,Breakout,"Broke out of a 10-day base (₹267.20–₹292.20, 9.4% range) on 07 Oct on 1.3× normal volume; Uptrend: higher highs and higher lows; Beating Nifty: 1M +17.3% vs -5.4%, 3M +28.4% vs -5.4%; No resistance overhead (at or near its 52-week high)",,,,0,,False,1.2,292.85,1.68,296.35,299.31,308.29,317.27,30,292.2,,,True,True,False,False,False,True,True,False,False,False,False,False,,,,,,,,,1.32,1.32,,17.26,28.37,33.73,296.35,1.2,10.0,292.2,267.2,9.36,2026-10-07,,,,236.0,20,119.52,False,Leading,2.35,6.69,
14,IBULLSLTD,Cash (non-F&O),False,Unknown,2026-10-07,502,True,7,B+G+OB,Breakout,"Broke out of a 10-day base (₹28.12–₹30.95, 10.1% range) on 07 Oct on 1.1× normal volume; Beating Nifty: 1M +25.2% vs -5.4%, 3M +9.7% vs -5.4%; Back at a demand zone (order block) ₹27.90–₹28.81 from 16 Sep and holding; No resistance overhead (at or near its 52-week high)",,5% band,5% price band (daily move capped at 5%),1,,False,0.0,32.49,4.98,32.49,32.81,33.8,34.78,30,30.95,,,False,True,False,False,False,True,True,False,False,True,False,False,,27.9,28.81,2026-09-16,,,,,1.13,1.13,,25.2,9.65,15.01,32.5,0.03,10.0,30.95,28.12,10.06,2026-10-07,,,,28.12,5,53.79,False,No data,,,
15,LIQUIDPLUS,Cash (non-F&O),False,Unknown,2026-10-07,475,True,7,D+A+G,Retest,"Retesting ₹1103.37, an old peak it broke on 17 Sep, now holding as support; Uptrend: higher highs and higher lows; Beating Nifty: 1M +0.4% vs -5.4%, 3M +1.2% vs -5.4%; No resistance overhead (at or near its 52-week high)",,5% band,5% price band (daily move capped at 5%),1,In buy zone,False,0.38,1106.47,0.03,1103.37,1136.47,1170.57,1204.66,30,1103.37,,,True,False,False,True,False,True,True,False,False,False,False,False,,,,,,,,,0.62,0.62,,0.39,1.18,6.54,1127.08,1.86,,,,,,1103.37,2026-09-17,,1102.81,5,53.69,False,No data,,,
16,TFCILTD,Cash (non-F&O),False,Unknown,2026-10-07,502,True,6,B+G+Vol,Breakout,"Broke out of a 30-day base (₹132.93–₹148.50, 11.7% range) on 07 Oct on 1.7× normal volume; Beating Nifty: 1M +8.1% vs -5.4%, 3M +102.6% vs -5.4%; No resistance overhead (at or near its 52-week high)",,,,0,,False,1.16,152.24,8.24,154.0,155.54,160.21,164.87,30,148.5,,,False,True,False,False,False,True,True,True,False,False,False,False,,,,,,,,,1.69,1.69,,8.06,102.58,107.94,154.0,1.16,30.0,148.5,132.93,11.71,2026-10-07,,,,135.49,20,175.62,False,No data,,,
17,ROSSTECH,Cash (non-F&O),False,Unknown,2026-10-07,457,True,6,C+A+G,Pullback,"Pulled back 4.7% from its 20-day high to support at ₹1505.00 and holding; Uptrend: higher highs and higher lows; Beating Nifty: 1M +33.2% vs -5.4%, 3M +60.4% vs -5.4%; Next resistance ₹1699.00 (9.6% above entry)",,,,0,Above buy zone by 4.7%: wait for a dip into the zone,False,4.72,1622.4,0.64,1505.0,1550.15,1596.65,1643.16,30,1505.0,1699.0,9.6,True,False,True,False,False,True,True,False,False,False,False,False,,,,,,,,,0.28,0.28,,33.2,60.4,65.75,1699.0,4.72,,,,,,,,1505.0,1032.75,20,70.74,False,No data,,,
18,SMCGLOBAL,Cash (non-F&O),False,Unknown,2026-10-07,500,True,6,C+A+G,Pullback,"Pulled back 8.9% from its 20-day high to support at ₹95.00 and holding; Uptrend: higher highs and higher lows; Beating Nifty: 1M +29.2% vs -5.4%, 3M +46.8% vs -5.4%; Next resistance ₹120.00 (22.6% above entry)",,ASM,On NSE ASM list (surveillance; higher margin / trade restrictions possible),1,Above buy zone by 12.7%: wait for a dip into the zone,False,8.85,110.24,-0.28,95.0,97.85,100.79,103.72,30,95.0,120.0,22.64,True,False,True,False,False,True,True,False,False,False,False,False,,,,,,,,,0.54,0.54,,29.22,46.83,52.19,120.0,8.85,,,,,,,,95.0,78.83,20,121.62,False,No data,,,
19,PTCIL,Cash (non-F&O),False,Capital Goods,2026-10-07,500,True,6,B+G+Vol,Breakout,"Broke out of a 20-day base (₹21510.00–₹24085.00, 12.0% range) on 07 Oct on 5.8× normal volume; Beating Nifty: 1M +3.9% vs -5.4%, 3M +42.2% vs -5.4%; No resistance overhead (at or near its 52-week high)",,,,0,,False,0.47,24685.0,6.75,24800.0,25048.0,25799.44,26550.88,30,24085.0,,,False,True,False,False,False,True,True,True,False,False,False,False,,,,,,,,,5.79,5.79,,3.91,42.24,47.6,24800.0,0.47,20.0,24085.0,21510.0,11.97,2026-10-07,,,,21510.0,20,57.62,False,Leading,-1.68,1.99,
20,SKYGOLD,Cash (non-F&O),False,Consumer Durables,2026-10-07,502,True,6,B+G+Vol,Breakout,"Broke out of a 20-day base (₹765.05–₹851.95, 11.4% range) on 06 Oct on 5.6× normal volume; Beating Nifty: 1M +6.9% vs -5.4%, 3M +40.6% vs -5.4%; No resistance overhead (at or near its 52-week high)",,ASM,On NSE ASM list (surveillance; higher margin / trade restrictions possible),1,,False,2.04,876.95,2.25,894.8,903.75,930.86,957.97,30,851.95,,,False,True,False,False,False,True,True,True,False,False,False,False,,,,,,,,,1.88,5.59,,6.95,40.57,45.93,894.8,2.04,20.0,851.95,765.05,11.36,2026-10-06,,,,765.05,20,74.63,False,Leading,-4.41,-2.96,
21,GLAND,Cash (non-F&O),False,Healthcare,2026-10-07,501,True,6,B+G+Vol,Breakout,"Broke out of a 30-day base (₹2792.40–₹3042.00, 8.9% range) on 07 Oct on 3.2× normal volume; Beating Nifty: 1M +6.5% vs -5.4%, 3M +27.1% vs -5.4%; No resistance overhead (at or near its 52-week high)",,,,0,,False,0.65,3150.6,4.81,3171.0,3202.71,3298.79,3394.87,30,3042.0,,,False,True,False,False,False,True,True,True,False,False,False,False,,,,,,,,,3.22,3.22,,6.46,27.07,32.43,3171.0,0.65,30.0,3042.0,2792.4,8.94,2026-10-07,,,,2792.4,20,119.96,False,Leading,-3.21,-0.28,
22,MEESHO,Midcap 150,True,Consumer Services,2026-10-07,209,True,6,C+A+G,Pullback,"Pulled back 3.5% from its 20-day high to support at ₹223.10 and holding; Uptrend: higher highs and higher lows; Beating Nifty: 1M +12.1% vs -5.4%, 3M +21.8% vs -5.4%; Next resistance ₹244.74 (6.5% above entry)",,,,0,Above buy zone by 2.9%: wait for a dip into the zone,False,3.48,236.52,-0.71,223.1,229.79,236.69,243.58,30,223.1,244.74,6.5,True,False,True,False,False,True,True,False,False,False,False,False,,,,,,,,,0.55,0.55,,12.06,21.85,27.2,254.4,7.56,,,,,,,,223.1,211.77,20,552.87,False,Leading,-2.07,0.96,
23,PAISALO,Cash (non-F&O),False,Financial Services,2026-10-07,502,True,6,C+A+G,Pullback,"Pulled back 12.6% from its 20-day high to support at ₹77.39 and holding; Uptrend: higher highs and higher lows; Beating Nifty: 1M +8.4% vs -5.4%, 3M +15.0% vs -5.4%; Next resistance ₹94.88 (19.0% above entry)",,ASM,On NSE ASM list (surveillance; higher margin / trade restrictions possible),1,Above buy zone by 5.7%: wait for a dip into the zone,False,12.64,84.23,1.36,77.39,79.71,82.1,84.49,30,77.39,94.88,19.03,True,False,True,False,False,True,True,False,False,False,False,False,,,,,,,,,0.71,0.71,,8.38,15.01,20.36,94.88,12.64,,,,,,,,77.39,73.42,20,136.66,False,Improving,-4.95,-6.54,
24,BHEL,F&O,True,Capital Goods,2026-10-07,502,True,6,B+G+Vol,Breakout,"Broke out of a 30-day base (₹402.60–₹442.65, 9.9% range) on 06 Oct on 3.7× normal volume; Beating Nifty: 1M +6.2% vs -5.4%, 3M +13.5% vs -5.4%; No resistance overhead (at or near its 52-week high)",,,,0,,False,1.66,448.5,-0.77,455.95,460.51,474.32,488.14,30,442.65,,,False,True,False,False,False,True,True,True,False,False,False,False,,,,,,,,,2.01,3.67,,6.24,13.47,18.83,455.95,1.66,30.0,442.65,402.6,9.95,2026-10-06,,,,402.6,No Band,320.72,False,Leading,-1.68,1.99,
25,MOTILALOFS,F&O,True,Financial Services,2026-10-07,502,True,6,B+G+Vol,Breakout,"Broke out of a 30-day base (₹963.80–₹1060.20, 10.0% range) on 06 Oct on 3.0× normal volume; Beating Nifty: 1M +1.6% vs -5.4%, 3M +9.0% vs -5.4%; No resistance overhead (at or near its 52-week high)",,,,0,,False,2.09,1067.9,-1.23,1090.25,1101.15,1134.19,1167.22,30,1060.2,,,False,True,False,False,False,True,True,True,False,False,False,False,,,,,,,,,1.55,2.98,,1.56,9.04,14.4,1097.1,2.73,30.0,1060.2,963.8,10.0,2026-10-06,,,,963.8,No Band,84.98,False,Improving,-4.95,-6.54,
26,PETRONET,F&O,True,Oil Gas & Consumable Fuels,2026-10-07,501,True,6,B+G+Vol,Breakout,"Broke out of a 20-day base (₹278.25–₹294.00, 5.7% range) on 06 Oct on 3.1× normal volume; Beating Nifty: 1M +2.1% vs -5.4%, 3M +7.2% vs -5.4%; Next resistance ₹326.40 (7.9% above entry)",,,,0,,False,0.88,297.0,-0.17,299.6,302.6,311.67,320.75,30,294.0,326.4,7.87,False,True,False,False,False,True,True,True,False,False,False,False,,,,,,,,,1.72,3.1,,2.08,7.16,12.52,326.4,9.9,20.0,294.0,278.25,5.66,2026-10-06,,,,278.25,No Band,54.72,False,Leading,-1.92,-2.6,
27,HDFCLIFE,F&O,False,Financial Services,2026-10-07,502,True,6,C+A+G,Pullback,"Pulled back 3.9% from its 20-day high to support at ₹513.40 and holding; Uptrend: higher highs and higher lows; Beating Nifty: 1M +2.3% vs -5.4%, 3M -3.8% vs -5.4%; Next resistance ₹561.95 (6.3% above entry)",,,,0,Above buy zone by 3.3%: wait for a dip into the zone,False,3.91,546.05,0.39,513.4,528.8,544.67,560.53,30,513.4,561.95,6.27,True,False,True,False,False,True,True,False,False,False,False,False,,,,,,,,,0.51,0.51,,2.29,-3.81,1.54,788.5,44.4,,,,,,,,513.4,513.4,No Band,252.26,False,Improving,-4.95,-6.54,
28,LIQUID1,Cash (non-F&O),False,Unknown,2026-10-07,494,True,5,D+G,Retest,"Retesting ₹1124.00, an old peak it broke on 25 Sep, now holding as support; Beating Nifty: 1M +0.4% vs -5.4%, 3M +1.2% vs -5.4%; No resistance overhead (at or near its 52-week high)",,5% band,5% price band (daily move capped at 5%),1,In buy zone,False,1.91,1125.82,0.01,1124.0,1157.72,1192.45,1227.18,30,1124.0,,,False,False,False,True,False,True,True,False,False,False,False,False,,,,,,,,,0.59,0.59,,0.39,1.2,6.56,1147.32,1.91,,,,,,1124.0,2026-09-25,,1118.19,5,112.27,False,No data,,,
29,LIQUIDCASE,Cash (non-F&O),False,Unknown,2026-10-07,500,True,5,B+G,Breakout,"Broke out of a 30-day base (₹115.63–₹116.24, 0.5% range) on 07 Oct on 1.0× normal volume; Beating Nifty: 1M +0.4% vs -5.4%, 3M +1.2% vs -5.4%; No resistance overhead (at or near its 52-week high)",,5% band,5% price band (daily move capped at 5%),1,,False,0.02,116.25,0.03,116.27,117.43,120.96,124.48,30,116.24,,,False,True,False,False,False,True,True,False,False,False,False,False,,,,,,,,,1.04,1.04,,0.38,1.17,6.52,116.27,0.02,30.0,116.24,115.63,0.53,2026-10-07,,,,,5,219.11,False,No data,,,
30,WELENT,Cash (non-F&O),False,Construction,2026-10-07,501,True,3,E+A,Candle at support,Bullish engulfing at support; Uptrend: higher highs and higher lows; Next resistance ₹825.00 (10.4% above entry),,,,0,In buy zone,False,13.66,740.75,3.13,725.2,746.96,769.36,791.77,30,725.2,825.0,10.45,True,False,False,False,True,True,False,False,False,False,False,False,,,,,,,,,0.47,0.47,Bullish engulfing,-5.46,20.64,26.0,841.9,13.66,,,,,,,,,725.2,20,52.66,False,Lagging,-5.97,-13.62,
31,KALYANKJIL,F&O,True,Consumer Durables,2026-10-07,502,True,0,E+Vol+CHoCH,Candle at support,Bullish engulfing at support; Volume 3.2× normal on the latest session; Change of character: closed below its last higher low ₹574.40 (minus 2 points); Next resistance ₹620.35 (12.6% above entry),,,,0,Above buy zone by 3.3%: wait for a dip into the zone,False,9.02,569.0,3.8,535.0,551.05,567.58,584.11,30,535.0,620.35,12.58,False,False,False,False,True,True,False,True,False,False,False,True,,,,,,,,574.4,3.17,3.17,Bullish engulfing,-7.12,19.5,24.86,648.95,14.05,,,,,,,,,574.4,No Band,366.65,False,Leading,-4.41,-2.96,
32,EMIL,Cash (non-F&O),False,Consumer Services,2026-10-07,502,False,9,D+E+A+G+Vol,Retest,"Retesting ₹202.86, an old peak it broke on 30 Sep, now holding as support; Bullish engulfing at support; Uptrend: higher highs and higher lows; Beating Nifty: 1M +13.7% vs -5.4%, 3M +57.4% vs -5.4%; Volume 2.0× normal on the latest session; Next resistance ₹212.64 (1.8% above entry)",Room to next resistance only 1.8% (need 6%),,,0,Above buy zone by 1.2%: wait for a dip into the zone,False,0.52,211.54,5.02,202.86,208.95,215.21,221.48,30,202.86,212.64,1.77,True,False,False,True,True,False,True,True,False,False,False,False,,,,,,,,,1.98,1.98,Bullish engulfing,13.72,57.44,62.8,212.64,0.52,,,,,,202.86,2026-09-30,,173.71,20,98.55,False,Leading,-2.07,0.96,
33,REDINGTON,Cash (non-F&O),False,Services,2026-10-07,502,False,9,D+C+A+G,Retest,"Retesting ₹403.25, an old peak it broke on 22 Sep, now holding as support; Pulled back 3.2% from its 20-day high to support at ₹403.25 and holding; Uptrend: higher highs and higher lows; Beating Nifty: 1M +8.8% vs -5.4%, 3M +45.0% vs -5.4%; Next resistance ₹419.50 (1.0% above entry)",Room to next resistance only 1.0% (need 6%),,,0,In buy zone,False,3.2,406.5,0.2,403.25,415.35,427.81,440.27,30,403.25,419.5,1.0,True,False,True,True,False,False,True,False,False,False,False,False,,,,,,,,,0.46,0.46,,8.82,44.97,50.33,419.5,3.2,,,,,,403.25,2026-09-22,403.25,371.2,20,214.15,False,Leading,2.35,6.69,
34,AXISCADES,Cash (non-F&O),False,Capital Goods,2026-10-07,502,False,9,D+C+A+G,Retest,"Retesting ₹2211.00, an old peak it broke on 30 Sep, now holding as support; Pulled back 5.1% from its 20-day high to support at ₹2211.00 and holding; Uptrend: higher highs and higher lows; Beating Nifty: 1M +21.5% vs -5.4%, 3M +40.1% vs -5.4%; Next resistance ₹2360.00 (3.6% above entry)",Room to next resistance only 3.6% (need 6%),,,0,In buy zone,False,5.09,2245.6,-1.87,2211.0,2277.33,2345.65,2413.97,30,2211.0,2360.0,3.63,True,False,True,True,False,False,True,False,False,False,False,False,,,,,,,,,0.41,0.41,,21.48,40.06,45.42,2360.0,5.09,,,,,,2211.0,2026-09-30,2211.0,1641.1,10,59.04,False,Leading,-1.68,1.99,
35,SEDEMAC,Cash (non-F&O),False,Automobile and Auto Components,2026-10-07,147,False,9,D+C+A+G,Retest,"Retesting ₹3368.90, an old peak it broke on 25 Sep, now holding as support; Pulled back 6.6% from its 20-day high to support at ₹3368.90 and holding; Uptrend: higher highs and higher lows; Beating Nifty: 1M +19.5% vs -5.4%, 3M +24.8% vs -5.4%; Next resistance ₹3650.00 (5.2% above entry)",Room to next resistance only 5.2% (need 6%),,,0,In buy zone,False,6.55,3425.6,0.76,3368.9,3469.97,3574.07,3678.16,30,3368.9,3650.0,5.19,True,False,True,True,False,False,True,False,False,False,False,False,,,,,,,,,0.46,0.46,,19.46,24.78,30.13,3650.0,6.55,,,,,,3368.9,2026-09-25,3368.9,2794.8,20,84.52,False,Weakening,-7.53,-4.3,
36,MIDHANI,Cash (non-F&O),False,Capital Goods,2026-10-07,502,False,9,B+C+A+G,Breakout,"Broke out of a 10-day base (₹397.55–₹444.90, 11.9% range) on 06 Oct on 0.7× normal volume; Pulled back 4.9% from its 20-day high to support at ₹441.80 and holding; Uptrend: higher highs and higher lows; Beating Nifty: 1M -3.8% vs -5.4%, 3M +10.3% vs -5.4%; Next resistance ₹482.40 (3.4% above entry)",Room to next resistance only 3.4% (need 6%),,,0,,False,4.95,458.7,-0.79,462.0,466.62,480.62,494.62,30,444.9,482.4,3.38,True,True,True,False,False,False,True,False,False,False,False,False,,,,,,,,,0.67,0.69,,-3.84,10.29,15.65,482.4,5.17,10.0,444.9,397.55,11.91,2026-10-06,,,441.8,397.55,20,51.58,False,Leading,-1.68,1.99,
37,JASH,Cash (non-F&O),False,Unknown,2026-10-07,500,False,9,D+C+A+G,Retest,"Retesting ₹572.85, an old peak it broke on 21 Sep, now holding as support; Pulled back 5.7% from its 20-day high to support at ₹572.85 and holding; Uptrend: higher highs and higher lows; Beating Nifty: 1M +13.0% vs -5.4%, 3M +10.0% vs -5.4%; Next resistance ₹603.00 (2.2% above entry)",Room to next resistance only 2.2% (need 6%),,,0,In buy zone,False,5.67,586.15,-1.48,572.85,590.04,607.74,625.44,30,572.85,603.0,2.2,True,False,True,True,False,False,True,False,False,False,False,False,,,,,,,,,0.18,0.18,,13.0,10.02,15.38,619.4,5.67,,,,,,572.85,2026-09-21,572.85,482.0,20,62.55,False,No data,,,
38,HBLENGINE,Cash (non-F&O),False,Capital Goods,2026-10-07,502,False,9,D+C+A+G,Retest,"Retesting ₹745.00, an old peak it broke on 17 Sep, now holding as support; Pulled back 8.8% from its 20-day high to support at ₹745.00 and holding; Uptrend: higher highs and higher lows; Beating Nifty: 1M +4.3% vs -5.4%, 3M -0.4% vs -5.4%; Next resistance ₹772.80 (0.7% above entry)",Room to next resistance only 0.7% (need 6%),,,0,In buy zone,False,8.85,762.45,-0.24,745.0,767.35,790.37,813.39,30,745.0,772.8,0.71,True,False,True,True,False,False,True,False,False,False,False,False,,,,,,,,,0.34,0.34,,4.27,-0.44,4.91,1122.0,47.16,,,,,,745.0,2026-09-17,745.0,692.0,20,139.35,False,Leading,-1.68,1.99,
39,AVALON,Cash (non-F&O),False,Capital Goods,2026-10-07,502,False,8,C+A+G+OB,Pullback,"Pulled back 7.7% from its 20-day high to support at ₹2180.00 and holding; Uptrend: higher highs and higher lows; Beating Nifty: 1M +6.1% vs -5.4%, 3M +37.4% vs -5.4%; Back at a demand zone (order block) ₹2204.30–₹2305.00 from 17 Sep and holding; Next resistance ₹2351.00 (4.7% above entry)",Room to next resistance only 4.7% (need 6%),ASM,On NSE ASM list (surveillance; higher margin / trade restrictions possible),1,Above buy zone by 8.2%: wait for a dip into the zone,False,7.75,2429.7,1.22,2180.0,2245.4,2312.76,2380.12,30,2180.0,2351.0,4.7,True,False,True,False,False,False,True,False,False,True,False,False,,2204.3,2305.0,2026-09-17,,,,,0.57,0.57,,6.09,37.42,42.77,2618.0,7.75,,,,,,,,2180.0,2180.0,20,155.81,False,Leading,-1.68,1.99,
40,AEROFLEX,Cash (non-F&O),False,Capital Goods,2026-10-07,502,False,8,B+E+A+G,Breakout,"Broke out of a 10-day base (₹508.10–₹563.50, 10.9% range) on 07 Oct on 0.8× normal volume; Hammer at support; Uptrend: higher highs and higher lows; Beating Nifty: 1M -1.7% vs -5.4%, 3M +36.3% vs -5.4%; Next resistance ₹584.15 (2.0% above entry)",Room to next resistance only 2.0% (need 6%),,,0,,False,1.0,563.85,0.55,567.0,572.67,589.85,607.03,30,563.5,584.15,2.0,True,True,False,False,True,False,True,False,False,False,False,False,,,,,,,,,0.82,0.82,Hammer,-1.68,36.34,41.7,584.15,3.6,10.0,563.5,508.1,10.9,2026-10-07,,,,508.1,10,65.28,False,Leading,-1.68,1.99,
41,AEGISLOG,Cash (non-F&O),False,Oil Gas & Consumable Fuels,2026-10-07,500,False,8,B+A+G+Vol,Breakout,"Broke out of a 10-day base (₹1279.80–₹1423.80, 11.3% range) on 07 Oct on 1.8× normal volume; Uptrend: higher highs and higher lows; Beating Nifty: 1M +15.1% vs -5.4%, 3M +17.2% vs -5.4%; Next resistance ₹1497.80 (0.1% above entry)",Room to next resistance only 0.1% (need 6%),,,0,,False,4.69,1460.2,4.61,1481.0,1495.81,1540.68,1585.56,30,1423.8,1497.8,0.13,True,True,False,False,False,False,True,True,False,False,False,False,,,,,,,,,1.8,1.8,,15.15,17.18,22.54,1528.7,4.69,10.0,1423.8,1279.8,11.25,2026-10-07,,,,1279.8,10,129.86,False,Leading,-1.92,-2.6,
42,MRPL,Cash (non-F&O),False,Oil Gas & Consumable Fuels,2026-10-07,502,False,8,B+G+Vol+OB,Breakout,"Broke out of a 15-day base (₹161.50–₹180.80, 12.0% range) on 07 Oct on 1.9× normal volume; Beating Nifty: 1M +5.7% vs -5.4%, 3M +12.5% vs -5.4%; Back at a demand zone (order block) ₹162.25–₹167.40 from 10 Aug and holding; Next resistance ₹187.00 (0.4% above entry)",Room to next resistance only 0.4% (need 6%),,,0,,False,4.94,182.86,4.66,184.39,186.23,191.82,197.41,30,180.8,187.0,0.41,False,True,False,False,False,False,True,True,False,True,False,False,,162.25,167.4,2026-08-10,,,,,1.92,1.92,,5.72,12.54,17.89,212.31,16.11,15.0,180.8,161.5,11.95,2026-10-07,,,,162.4,20,191.68,False,Leading,-1.92,-2.6,
43,GESHIP,Cash (non-F&O),False,Services,2026-10-07,502,False,8,D+E+A+G,Retest,"Retesting ₹1536.00, an old peak it broke on 29 Sep, now holding as support; Bullish engulfing at support; Uptrend: higher highs and higher lows; Beating Nifty: 1M +13.3% vs -5.4%, 3M +10.3% vs -5.4%; Next resistance ₹1598.90 (1.1% above entry)",Room to next resistance only 1.1% (need 6%),,,0,In buy zone,False,0.96,1567.9,2.3,1536.0,1582.08,1629.54,1677.0,30,1536.0,1598.9,1.06,True,False,False,True,True,False,True,False,False,False,False,False,,,,,,,,,0.51,0.51,Bullish engulfing,13.3,10.35,15.7,1798.0,14.68,,,,,,1536.0,2026-09-29,,1358.8,20,132.68,False,Leading,2.35,6.69,
44,BLACKBUCK,Cash (non-F&O),False,Services,2026-10-07,468,False,8,C+A+G+OB,Pullback,"Pulled back 7.0% from its 20-day high to support at ₹596.25 and holding; Uptrend: higher highs and higher lows; Beating Nifty: 1M +5.6% vs -5.4%, 3M +9.8% vs -5.4%; Back at a demand zone (order block) ₹572.00–₹583.60 from 08 Sep and holding; Next resistance ₹629.00 (2.4% above entry)",Room to next resistance only 2.4% (need 6%),,,0,Above buy zone by 0.4%: wait for a dip into the zone,False,7.02,616.4,3.42,596.25,614.14,632.56,650.99,30,596.25,629.0,2.42,True,False,True,False,False,False,True,False,False,True,False,False,,572.0,583.6,2026-09-08,,,,,0.47,0.47,,5.62,9.77,15.12,748.0,21.35,,,,,,,,596.25,584.3,20,56.88,False,Leading,2.35,6.69,
45,PNB,F&O,False,Financial Services,2026-10-07,502,False,8,C+E+A+G+Vol,Pullback,"Pulled back 4.2% from its 20-day high to support at ₹110.50 and holding; Bullish engulfing at support; Uptrend: higher highs and higher lows; Beating Nifty: 1M -1.2% vs -5.4%, 3M +8.7% vs -5.4%; Volume 1.5× normal on the latest session; Next resistance ₹115.60 (1.6% above entry)",Room to next resistance only 1.6% (need 6%),,,0,Above buy zone by 0.7%: wait for a dip into the zone,False,4.2,114.59,2.39,110.5,113.81,117.23,120.64,30,110.5,115.6,1.57,True,False,True,False,True,False,True,True,False,False,False,False,,,,,,,,,1.52,1.52,Bullish engulfing,-1.22,8.71,14.06,135.15,17.94,,,,,,,,110.5,114.52,No Band,142.1,False,Improving,-4.95,-6.54,
46,ABDL,Cash (non-F&O),False,Fast Moving Consumer Goods,2026-10-07,501,False,8,C+A+G+OB,Pullback,"Pulled back 8.6% from its 20-day high to support at ₹679.80 and holding; Uptrend: higher highs and higher lows; Beating Nifty: 1M +16.8% vs -5.4%, 3M +7.0% vs -5.4%; Back at a demand zone (order block) ₹631.70–₹661.40 from 22 Sep and holding; Next resistance ₹711.70 (1.6% above entry)",Room to next resistance only 1.6% (need 6%),,,0,In buy zone,False,8.58,694.25,-2.85,679.8,700.19,721.2,742.21,30,679.8,711.7,1.64,True,False,True,False,False,False,True,False,False,True,False,False,,631.7,661.4,2026-09-22,,,,,0.34,0.34,,16.78,7.01,12.37,753.8,8.58,,,,,,,,679.8,586.55,10,80.09,False,Improving,-0.31,-9.53,
47,CLEANMAX,Cash (non-F&O),False,Power,2026-10-07,151,False,8,C+A+G+OB,Pullback,"Pulled back 6.7% from its 20-day high to support at ₹1265.00 and holding; Uptrend: higher highs and higher lows; Beating Nifty: 1M +0.6% vs -5.4%, 3M +4.6% vs -5.4%; Back at a demand zone (order block) ₹1272.00–₹1299.40 from 18 Sep and holding; Next resistance ₹1362.00 (4.5% above entry)",Room to next resistance only 4.5% (need 6%),,,0,Above buy zone by 6.6%: wait for a dip into the zone,False,6.66,1388.5,-0.29,1265.0,1302.95,1342.04,1381.13,30,1265.0,1362.0,4.53,True,False,True,False,False,False,True,False,False,True,False,False,,1272.0,1299.4,2026-09-18,,,,,0.14,0.14,,0.59,4.63,9.98,1536.0,10.62,,,,,,,,1265.0,1265.0,20,162.71,False,Improving,-4.48,-10.61,
48,SOUTHBANK,Cash (non-F&O),False,Financial Services,2026-10-07,502,False,8,C+A+G+OB,Pullback,"Pulled back 6.8% from its 20-day high to support at ₹46.84 and holding; Uptrend: higher highs and higher lows; Beating Nifty: 1M +1.4% vs -5.4%, 3M +3.6% vs -5.4%; Back at a demand zone (order block) ₹45.11–₹45.95 from 22 Sep and holding; Next resistance ₹48.39 (0.3% above entry)",Room to next resistance only 0.3% (need 6%),,,0,In buy zone,False,6.76,47.47,0.51,46.84,48.25,49.69,51.14,30,46.84,48.39,0.3,True,False,True,False,False,False,True,False,False,True,False,False,,45.11,45.95,2026-09-22,,,,,1.28,1.28,,1.39,3.62,8.98,50.68,6.76,,,,,,,,46.84,44.54,20,62.64,False,Improving,-4.95,-6.54,
49,CAPLIPOINT,Cash (non-F&O),False,Healthcare,2026-10-07,501,False,8,C+A+G+OB,Pullback,"Pulled back 12.9% from its 20-day high to support at ₹2600.00 and holding; Uptrend: higher highs and higher lows; Beating Nifty: 1M -4.4% vs -5.4%, 3M +2.5% vs -5.4%; Back at a demand zone (order block) ₹2492.20–₹2588.90 from 31 Aug and holding; Next resistance ₹2699.00 (0.8% above entry)",Room to next resistance only 0.8% (need 6%),,,0,In buy zone,False,12.87,2649.1,-1.14,2600.0,2678.0,2758.34,2838.68,30,2600.0,2699.0,0.78,True,False,True,False,False,False,True,False,False,True,False,False,,2492.2,2588.9,2026-08-31,,,,,0.55,0.55,,-4.37,2.54,7.89,2990.0,12.87,,,,,,,,2600.0,2490.5,20,51.57,False,Leading,-3.21,-0.28,
50,WELSPUNLIV,Cash (non-F&O),False,Textiles,2026-10-07,502,False,7,D+A+G,Retest,"Retesting ₹233.00, an old peak it broke on 01 Oct, now holding as support; Uptrend: higher highs and higher lows; Beating Nifty: 1M +13.5% vs -5.4%, 3M +41.9% vs -5.4%; Next resistance ₹245.50 (2.3% above entry)",Room to next resistance only 2.3% (need 6%),,,0,In buy zone,False,4.09,235.86,-0.84,233.0,239.99,247.19,254.39,30,233.0,245.5,2.3,True,False,False,True,False,False,True,False,False,False,False,False,,,,,,,,,1.1,1.1,,13.47,41.94,47.29,245.5,4.09,,,,,,233.0,2026-10-01,,195.7,20,108.81,False,Leading,4.61,-0.52,
51,PAYTM,F&O,True,Financial Services,2026-10-07,502,False,7,C+E+A+G,Pullback,"Pulled back 7.1% from its 20-day high to support at ₹1657.60 and holding; Bullish engulfing at support; Uptrend: higher highs and higher lows; Beating Nifty: 1M +3.7% vs -5.4%, 3M +29.1% vs -5.4%; Next resistance ₹1732.30 (1.5% above entry)",Room to next resistance only 1.5% (need 6%),,,0,Above buy zone by 1.4%: wait for a dip into the zone,False,7.13,1732.0,2.24,1657.6,1707.33,1758.55,1809.77,30,1657.6,1732.3,1.46,True,False,True,False,True,False,True,False,False,False,False,False,,,,,,,,,1.25,1.25,Bullish engulfing,3.71,29.08,34.44,1855.5,7.13,,,,,,,,1657.6,1624.4,No Band,675.78,False,Improving,-4.95,-6.54,
52,AZAD,Cash (non-F&O),False,Capital Goods,2026-10-07,502,False,7,D+G+OB,Retest,"Retesting ₹2904.20, an old peak it broke on 29 Sep, now holding as support; Beating Nifty: 1M +8.0% vs -5.4%, 3M +22.9% vs -5.4%; Back at a demand zone (order block) ₹2673.10–₹2798.00 from 28 Sep and holding; Next resistance ₹3127.90 (4.6% above entry)",Room to next resistance only 4.6% (need 6%),,,0,Above buy zone by 1.9%: wait for a dip into the zone,False,2.61,3048.2,-0.47,2904.2,2991.33,3081.07,3170.81,30,2904.2,3127.9,4.57,False,False,False,True,False,False,True,False,False,True,False,False,,2673.1,2798.0,2026-09-28,,,,,0.6,0.6,,8.01,22.94,28.29,3127.9,2.61,,,,,,2904.2,2026-09-29,,2555.0,20,285.34,False,Leading,-1.68,1.99,
53,GNA,Cash (non-F&O),False,Unknown,2026-10-07,502,False,7,D+G+OB,Retest,"Retesting ₹564.00, an old peak it broke on 21 Sep, now holding as support; Beating Nifty: 1M +5.5% vs -5.4%, 3M +22.8% vs -5.4%; Back at a demand zone (order block) ₹553.30–₹567.95 from 22 Sep and holding; Next resistance ₹592.00 (1.9% above entry)",Room to next resistance only 1.9% (need 6%),ASM,On NSE ASM list (surveillance; higher margin / trade restrictions possible),1,Above buy zone by 0.5%: wait for a dip into the zone,False,11.03,583.65,-5.22,564.0,580.92,598.35,615.78,30,564.0,592.0,1.91,False,False,False,True,False,False,True,False,False,True,False,False,,553.3,567.95,2026-09-22,,,,,0.53,0.53,,5.47,22.77,28.13,648.0,11.03,,,,,,564.0,2026-09-21,,504.2,20,56.04,False,No data,,,
54,KOTAKBANK,F&O,False,Financial Services,2026-10-07,502,False,7,B+G+Vol+FVG,Breakout,"Broke out of a 30-day base (₹394.70–₹435.60, 10.4% range) on 07 Oct on 2.1× normal volume; Beating Nifty: 1M +4.9% vs -5.4%, 3M +16.5% vs -5.4%; Filling a fair value gap ₹409.25–₹416.05 from 30 Sep and holding; Next resistance ₹453.20 (1.6% above entry)",Room to next resistance only 1.6% (need 6%),,,0,,False,0.34,440.0,1.88,441.5,445.92,459.29,472.67,30,435.6,453.2,1.63,False,True,False,False,False,False,True,True,False,False,True,False,,,,,409.25,416.05,2026-09-30,,2.13,2.13,,4.95,16.53,21.88,453.2,3.0,30.0,435.6,394.7,10.36,2026-10-07,,,,394.7,No Band,801.94,False,Improving,-4.95,-6.54,
55,LGEINDIA,Midcap 150,True,Consumer Durables,2026-10-07,248,False,7,B+E+G+Vol,Breakout,"Broke out of a 30-day base (₹1599.00–₹1743.90, 9.1% range) on 05 Oct on 6.0× normal volume; Bullish engulfing at support; Beating Nifty: 1M +6.5% vs -5.4%, 3M +13.8% vs -5.4%; Next resistance ₹1825.00 (0.9% above entry)",Room to next resistance only 0.9% (need 6%),,,0,,False,2.51,1780.3,1.23,1790.0,1807.9,1862.14,1916.37,30,1743.9,1825.0,0.95,False,True,False,False,True,False,True,True,False,False,False,False,,,,,,,,,0.56,6.01,Bullish engulfing,6.46,13.78,19.13,1825.0,2.51,30.0,1743.9,1599.0,9.06,2026-10-05,,,,1599.0,10,114.84,False,Leading,-4.41,-2.96,
56,GMMPFAUDLR,Cash (non-F&O),False,Unknown,2026-10-07,500,False,6,A+G+OB,,"Uptrend: higher highs and higher lows; Beating Nifty: 1M +16.4% vs -5.4%, 3M +88.0% vs -5.4%; Back at a demand zone (order block) ₹1300.10–₹1355.00 from 16 Sep and holding; Next resistance ₹1533.60 (6.6% above entry)","No entry setup (no breakout, retest, pullback or candle at support)",ASM,On NSE ASM list (surveillance; higher margin / trade restrictions possible),1,,False,6.65,1438.0,0.86,,,,,30,1307.5,1533.6,6.65,True,False,False,False,False,True,True,False,False,True,False,False,,1300.1,1355.0,2026-09-16,,,,,0.35,0.35,,16.37,88.02,93.38,1533.6,6.65,,,,,,,,,981.0,20,62.58,False,No data,,,
57,MANINDS,Cash (non-F&O),False,Unknown,2026-10-07,502,False,6,A+G+OB,,"Uptrend: higher highs and higher lows; Beating Nifty: 1M +10.2% vs -5.4%, 3M +59.9% vs -5.4%; Back at a demand zone (order block) ₹840.15–₹880.00 from 22 Sep and holding; Next resistance ₹944.00 (4.2% above entry)","No entry setup (no breakout, retest, pullback or candle at support); Room to next resistance only 4.2% (need 6%)",ASM,On NSE ASM list (surveillance; higher margin / trade restrictions possible),1,,False,14.79,905.75,-1.77,,,,,30,745.0,944.0,4.22,True,False,False,False,False,False,True,False,False,True,False,False,,840.15,880.0,2026-09-22,,,,,0.17,0.17,,10.23,59.89,65.24,1039.7,14.79,,,,,,,,,745.0,20,180.75,False,No data,,,
58,TDPOWERSYS,Cash (non-F&O),False,Capital Goods,2026-10-07,502,False,6,C+A+G,Pullback,"Pulled back 4.3% from its 20-day high to support at ₹798.85 and holding; Uptrend: higher highs and higher lows; Beating Nifty: 1M +6.8% vs -5.4%, 3M +42.8% vs -5.4%; Next resistance ₹856.10 (4.0% above entry)",Room to next resistance only 4.0% (need 6%),,,0,In buy zone,False,4.26,821.1,0.62,798.85,822.82,847.5,872.18,30,798.85,856.1,4.05,True,False,True,False,False,False,True,False,False,False,False,False,,,,,,,,,0.85,0.85,,6.8,42.78,48.13,856.1,4.26,,,,,,,,798.85,711.15,20,250.03,False,Leading,-1.68,1.99,
59,TEGA,Cash (non-F&O),False,Capital Goods,2026-10-07,500,False,6,C+A+G,Pullback,"Pulled back 3.5% from its 20-day high to support at ₹2010.00 and holding; Uptrend: higher highs and higher lows; Beating Nifty: 1M +32.4% vs -5.4%, 3M +27.9% vs -5.4%; Next resistance ₹2175.00 (5.1% above entry)",Room to next resistance only 5.1% (need 6%),,,0,Above buy zone by 2.6%: wait for a dip into the zone,False,3.5,2123.6,1.49,2010.0,2070.3,2132.41,2194.52,30,2010.0,2175.0,5.06,True,False,True,False,False,False,True,False,False,False,False,False,,,,,,,,,0.52,0.52,,32.44,27.87,33.23,2198.0,3.5,,,,,,,,2010.0,1988.6,20,186.12,False,Leading,-1.68,1.99,
60,ELLEN,Cash (non-F&O),False,Chemicals,2026-10-07,319,False,6,A+G+OB,,"Uptrend: higher highs and higher lows; Beating Nifty: 1M +13.3% vs -5.4%, 3M +24.3% vs -5.4%; Back at a demand zone (order block) ₹316.65–₹329.05 from 08 Sep and holding; Next resistance ₹390.60 (6.8% above entry)","No entry setup (no breakout, retest, pullback or candle at support)",,,0,,False,7.98,365.75,5.04,,,,,30,343.95,390.6,6.79,True,False,False,False,False,True,True,False,False,True,False,False,,316.65,329.05,2026-09-08,,,,,0.71,0.71,,13.31,24.3,29.65,473.55,29.47,,,,,,,,,342.9,10,53.24,False,Improving,-3.07,-7.5,
61,RRKABEL,Cash (non-F&O),False,Capital Goods,2026-10-07,501,False,6,B+G+Vol,Breakout,"Broke out of a 10-day base (₹2414.50–₹2654.90, 10.0% range) on 06 Oct on 3.0× normal volume; Beating Nifty: 1M +11.2% vs -5.4%, 3M +22.3% vs -5.4%; Next resistance ₹2980.00 (5.8% above entry)",Room to next resistance only 5.8% (need 6%),,,0,,False,3.1,2722.5,-2.41,2789.0,2816.89,2901.4,2985.9,30,2654.9,2980.0,5.79,False,True,False,False,False,False,True,True,False,False,False,False,,,,,,,,,1.56,2.96,,11.19,22.32,27.68,2983.8,9.6,10.0,2654.9,2414.5,9.96,2026-10-06,,,,2340.2,20,83.58,False,Leading,-1.68,1.99,
62,SYRMA,Cash (non-F&O),False,Capital Goods,2026-10-07,502,False,6,C+A+G,Pullback,"Pulled back 4.3% from its 20-day high to support at ₹1660.00 and holding; Uptrend: higher highs and higher lows; Beating Nifty: 1M +6.6% vs -5.4%, 3M +20.3% vs -5.4%; Next resistance ₹1803.90 (5.5% above entry)",Room to next resistance only 5.5% (need 6%),,,0,Above buy zone by 2.2%: wait for a dip into the zone,False,4.35,1746.7,3.66,1660.0,1709.8,1761.09,1812.39,30,1660.0,1803.9,5.5,True,False,True,False,False,False,True,False,False,False,False,False,,,,,,,,,0.82,0.82,,6.56,20.3,25.66,1822.6,4.35,,,,,,,,1660.0,1418.0,20,381.71,False,Leading,-1.68,1.99,
63,AETHER,Cash (non-F&O),False,Chemicals,2026-10-07,502,False,6,A+G+OB,,"Uptrend: higher highs and higher lows; Beating Nifty: 1M +8.8% vs -5.4%, 3M +19.1% vs -5.4%; Back at a demand zone (order block) ₹1629.00–₹1659.00 from 24 Sep and holding; Next resistance ₹1798.00 (0.6% above entry)","No entry setup (no breakout, retest, pullback or candle at support); Room to next resistance only 0.6% (need 6%)",,,0,,False,1.48,1787.6,-0.68,,,,,30,1717.0,1798.0,0.58,True,False,False,False,False,False,True,False,False,True,False,False,,1629.0,1659.0,2026-09-24,,,,,0.78,0.78,,8.81,19.11,24.47,1814.1,1.48,,,,,,,,,1552.7,20,61.31,False,Improving,-3.07,-7.5,
64,SHAREINDIA,Cash (non-F&O),False,Financial Services,2026-10-07,502,False,6,A+G+OB,,"Uptrend: higher highs and higher lows; Beating Nifty: 1M +21.3% vs -5.4%, 3M +15.6% vs -5.4%; Back at a demand zone (order block) ₹188.05–₹199.80 from 16 Sep and holding; Next resistance ₹211.00 (1.8% above entry)","No entry setup (no breakout, retest, pullback or candle at support); Room to next resistance only 1.8% (need 6%)",,,0,,False,12.58,207.27,-1.95,,,,,30,197.36,211.0,1.8,True,False,False,False,False,False,True,False,False,True,False,False,,188.05,199.8,2026-09-16,,,,,0.09,0.09,,21.27,15.57,20.93,233.35,12.58,,,,,,,,,167.2,20,158.27,False,Improving,-4.95,-6.54,
65,EBGNG,Cash (non-F&O),False,Information Technology,2026-10-07,298,False,6,A+G+OB,,"Uptrend: higher highs and higher lows; Beating Nifty: 1M +10.0% vs -5.4%, 3M +15.4% vs -5.4%; Back at a demand zone (order block) ₹583.00–₹633.40 from 04 Sep and holding; Next resistance ₹735.00 (0.5% above entry)","No entry setup (no breakout, retest, pullback or candle at support); Room to next resistance only 0.5% (need 6%)",,,0,,False,0.5,731.35,6.74,,,,,30,730.0,735.0,0.5,True,False,False,False,False,False,True,False,False,True,False,False,,583.0,633.4,2026-09-04,,,,,1.5,1.5,,9.95,15.38,20.74,735.0,0.5,,,,,,,,,640.5,10,51.64,False,Weakening,-6.55,-1.42,
66,SMSPHARMA,Cash (non-F&O),False,Unknown,2026-10-07,500,False,6,C+A+G,Pullback,"Pulled back 5.5% from its 20-day high to support at ₹453.65 and holding; Uptrend: higher highs and higher lows; Beating Nifty: 1M +17.8% vs -5.4%, 3M +15.2% vs -5.4%; Next resistance ₹494.45 (5.8% above entry)",Room to next resistance only 5.8% (need 6%),,,0,Above buy zone by 0.3%: wait for a dip into the zone,False,5.46,468.85,-0.71,453.65,467.26,481.28,495.3,30,453.65,494.45,5.82,True,False,True,False,False,False,True,False,False,False,False,False,,,,,,,,,0.18,0.18,,17.82,15.18,20.54,494.45,5.46,,,,,,,,453.65,453.65,20,62.53,False,No data,,,
67,EDELWEISS,Cash (non-F&O),False,Financial Services,2026-10-07,502,False,6,C+A+G,Pullback,"Pulled back 9.1% from its 20-day high to support at ₹132.71 and holding; Uptrend: higher highs and higher lows; Beating Nifty: 1M -3.6% vs -5.4%, 3M +11.4% vs -5.4%; Next resistance ₹140.90 (3.1% above entry)",Room to next resistance only 3.1% (need 6%),,,0,In buy zone,False,9.12,133.8,-1.28,132.71,136.69,140.79,144.89,30,132.71,140.9,3.08,True,False,True,False,False,False,True,False,False,False,False,False,,,,,,,,,0.39,0.39,,-3.6,11.37,16.73,146.0,9.12,,,,,,,,132.71,132.71,20,98.74,False,Improving,-4.95,-6.54,
68,NAVINFLUOR,Cash (non-F&O),False,Chemicals,2026-10-07,501,False,6,C+A+G,Pullback,"Pulled back 3.3% from its 20-day high to support at ₹8100.00 and holding; Uptrend: higher highs and higher lows; Beating Nifty: 1M -2.8% vs -5.4%, 3M +10.1% vs -5.4%; Next resistance ₹8740.00 (4.8% above entry)",Room to next resistance only 4.8% (need 6%),,,0,Above buy zone by 1.8%: wait for a dip into the zone,False,3.32,8490.0,-0.54,8100.0,8343.0,8593.29,8843.58,30,8100.0,8740.0,4.76,True,False,True,False,False,False,True,False,False,False,False,False,,,,,,,,,0.99,0.99,,-2.76,10.09,15.44,8949.5,5.41,,,,,,,,8100.0,8100.0,20,87.17,False,Improving,-3.07,-7.5,
69,PERSISTENT,F&O,True,Information Technology,2026-10-07,502,False,6,B+G+Vol,Breakout,"Broke out of a 10-day base (₹5162.00–₹5463.00, 5.8% range) on 05 Oct on 2.0× normal volume; Beating Nifty: 1M -1.0% vs -5.4%, 3M +9.0% vs -5.4%; Next resistance ₹5605.40 (0.4% above entry)",Room to next resistance only 0.4% (need 6%),,,0,,False,4.58,5507.0,-0.25,5529.0,5584.29,5751.82,5919.35,30,5463.0,5605.4,0.38,False,True,False,False,False,False,True,True,False,False,False,False,,,,,,,,,0.75,2.0,,-0.95,8.97,14.32,6599.0,19.83,10.0,5463.0,5162.0,5.83,2026-10-05,,,,5162.0,No Band,208.15,False,Weakening,-6.55,-1.42,
70,RBLBANK,F&O,False,Financial Services,2026-10-07,502,False,6,C+A+G,Pullback,"Pulled back 4.3% from its 20-day high to support at ₹401.45 and holding; Uptrend: higher highs and higher lows; Beating Nifty: 1M -1.6% vs -5.4%, 3M +8.2% vs -5.4%; Next resistance ₹420.40 (1.7% above entry)",Room to next resistance only 1.7% (need 6%),,,0,In buy zone,False,4.27,412.0,-0.6,401.45,413.49,425.9,438.3,30,401.45,420.4,1.67,True,False,True,False,False,False,True,False,False,False,False,False,,,,,,,,,0.5,0.5,,-1.55,8.24,13.59,429.6,4.27,,,,,,,,401.45,401.45,No Band,131.33,False,Improving,-4.95,-6.54,
71,AJANTPHARM,Midcap 150,True,Healthcare,2026-10-07,500,False,6,C+A+G,Pullback,"Pulled back 5.3% from its 20-day high to support at ₹3425.00 and holding; Uptrend: higher highs and higher lows; Beating Nifty: 1M +1.6% vs -5.4%, 3M +7.9% vs -5.4%; Next resistance ₹3598.80 (2.0% above entry)",Room to next resistance only 2.0% (need 6%),Low volume,Thin liquidity: Rs 33 cr/day avg,1,Above buy zone by 1.2%: wait for a dip into the zone,False,5.3,3569.8,-0.1,3425.0,3527.75,3633.58,3739.41,30,3425.0,3598.8,2.01,True,False,True,False,False,False,True,False,False,False,False,False,,,,,,,,,0.99,0.99,,1.6,7.93,13.28,3796.0,6.34,,,,,,,,3425.0,3425.0,20,33.16,False,Leading,-3.21,-0.28,
72,AUROPHARMA,F&O,True,Healthcare,2026-10-07,501,False,6,C+A+G,Pullback,"Pulled back 3.4% from its 20-day high to support at ₹1649.30 and holding; Uptrend: higher highs and higher lows; Beating Nifty: 1M -0.6% vs -5.4%, 3M +7.5% vs -5.4%; Next resistance ₹1704.00 (0.3% above entry)",Room to next resistance only 0.3% (need 6%),,,0,In buy zone,False,3.45,1682.0,-0.64,1649.3,1698.78,1749.74,1800.71,30,1649.3,1704.0,0.31,True,False,True,False,False,False,True,False,False,False,False,False,,,,,,,,,0.58,0.58,,-0.59,7.5,12.85,1740.0,3.45,,,,,,,,1649.3,1649.3,No Band,125.54,False,Leading,-3.21,-0.28,
73,AEGISVOPAK,Cash (non-F&O),False,Oil Gas & Consumable Fuels,2026-10-07,341,False,6,C+A+G,Pullback,"Pulled back 9.1% from its 20-day high to support at ₹292.50 and holding; Uptrend: higher highs and higher lows; Beating Nifty: 1M +1.2% vs -5.4%, 3M +3.9% vs -5.4%; Next resistance ₹306.55 (1.8% above entry)",Room to next resistance only 1.8% (need 6%),,,0,In buy zone,False,9.07,294.25,0.31,292.5,301.28,310.31,319.35,30,292.5,306.55,1.75,True,False,True,False,False,False,True,False,False,False,False,False,,,,,,,,,0.76,0.76,,1.24,3.91,9.26,320.95,9.07,,,,,,,,292.5,280.25,10,53.77,False,Leading,-1.92,-2.6,
74,RAYMONDREL,Cash (non-F&O),False,Unknown,2026-10-07,320,False,6,C+A+G,Pullback,"Pulled back 5.7% from its 20-day high to support at ₹688.70 and holding; Uptrend: higher highs and higher lows; Beating Nifty: 1M +20.5% vs -5.4%, 3M +0.3% vs -5.4%; Next resistance ₹734.90 (3.6% above entry)",Room to next resistance only 3.6% (need 6%),,,0,In buy zone,False,5.72,701.8,-0.85,688.7,709.36,730.64,751.92,30,688.7,734.9,3.6,True,False,True,False,False,False,True,False,False,False,False,False,,,,,,,,,0.47,0.47,,20.48,0.26,5.61,741.95,5.72,,,,,,,,688.7,561.1,20,192.2,False,No data,,,
75,TRENT,F&O,False,Consumer Services,2026-10-07,502,False,6,B+G+Vol,Breakout,"Broke out of a 20-day base (₹2545.80–₹2847.90, 11.9% range) on 06 Oct on 10.0× normal volume; Beating Nifty: 1M +3.5% vs -5.4%, 3M -0.4% vs -5.4%; Next resistance ₹2998.67 (2.1% above entry)",Room to next resistance only 2.1% (need 6%),,,0,,False,0.82,2890.3,-0.54,2909.0,2938.09,3026.23,3114.38,30,2847.9,2998.67,2.06,False,True,False,False,False,False,True,True,False,False,False,False,,,,,,,,,1.35,10.03,,3.46,-0.43,4.92,4866.5,68.37,20.0,2847.9,2545.8,11.87,2026-10-06,,,,2723.9,No Band,280.95,False,Leading,-2.07,0.96,
76,ICICIBANK,F&O,False,Financial Services,2026-10-07,502,False,6,B+G+Vol,Breakout,"Broke out of a 10-day base (₹1291.00–₹1347.80, 4.4% range) on 07 Oct on 1.7× normal volume; Beating Nifty: 1M -3.0% vs -5.4%, 3M -3.1% vs -5.4%; Next resistance ₹1390.40 (1.2% above entry)",Room to next resistance only 1.2% (need 6%),,,0,,False,2.62,1357.5,1.09,1360.0,1373.6,1414.81,1456.02,30,1347.8,1390.4,1.22,False,True,False,False,False,False,True,True,False,False,False,False,,,,,,,,,1.67,1.67,,-2.99,-3.12,2.24,1480.0,9.02,10.0,1347.8,1291.0,4.4,2026-10-07,,,,1291.0,No Band,1188.64,False,Improving,-4.95,-6.54,
77,ENRIN,F&O,False,Capital Goods,2026-10-07,328,False,6,D+E+G,Retest,"Retesting ₹3249.80, an old peak it broke on 25 Sep, now holding as support; Bullish engulfing at support; Beating Nifty: 1M +4.5% vs -5.4%, 3M -5.2% vs -5.4%; Next resistance ₹3368.00 (0.6% above entry)",Room to next resistance only 0.6% (need 6%),,,0,In buy zone,False,1.94,3344.0,1.1,3249.8,3347.29,3447.71,3548.13,30,3249.8,3368.0,0.62,False,False,False,True,True,False,True,False,False,False,False,False,,,,,,,,,1.07,1.07,Bullish engulfing,4.5,-5.19,0.17,3968.0,18.66,,,,,,3249.8,2026-09-25,,2968.0,No Band,131.27,False,Leading,-1.68,1.99,
78,KIRLOSENG,Cash (non-F&O),False,Capital Goods,2026-10-07,501,False,6,C+A+OB,Pullback,Pulled back 9.6% from its 20-day high to support at ₹2177.00 and holding; Uptrend: higher highs and higher lows; Back at a demand zone (order block) ₹2125.10–₹2189.20 from 25 Sep and holding; Next resistance ₹2300.50 (2.6% above entry),Room to next resistance only 2.6% (need 6%),,,0,In buy zone,False,9.56,2230.8,-1.56,2177.0,2242.31,2309.58,2376.85,30,2177.0,2300.5,2.6,True,False,True,False,False,False,False,False,False,True,False,False,,2125.1,2189.2,2026-09-25,,,,,0.53,0.53,,-1.85,-10.48,-5.12,2720.0,21.93,,,,,,,,2177.0,2086.3,20,156.75,False,Leading,-1.68,1.99,
79,JYOTICNC,Cash (non-F&O),False,Capital Goods,2026-10-07,502,False,5,D+G,Retest,"Retesting ₹1048.00, an old peak it broke on 18 Sep, now holding as support; Beating Nifty: 1M +3.3% vs -5.4%, 3M +34.5% vs -5.4%; Next resistance ₹1134.60 (5.1% above entry)",Room to next resistance only 5.1% (need 6%),,,0,In buy zone,False,5.94,1071.0,-0.2,1048.0,1079.44,1111.82,1144.21,30,1048.0,1134.6,5.11,False,False,False,True,False,False,True,False,False,False,False,False,,,,,,,,,0.67,0.67,,3.26,34.45,39.81,1134.6,5.94,,,,,,1048.0,2026-09-18,,928.6,20,112.31,False,Leading,-1.68,1.99,
80,AARTIPHARM,Cash (non-F&O),False,Healthcare,2026-10-07,502,False,5,D+G,Retest,"Retesting ₹932.60, an old peak it broke on 23 Sep, now holding as support; Beating Nifty: 1M +10.0% vs -5.4%, 3M +34.4% vs -5.4%; Next resistance ₹1002.40 (4.4% above entry)",Room to next resistance only 4.4% (need 6%),,,0,In buy zone,False,5.15,953.35,-2.22,932.6,960.58,989.4,1018.21,30,932.6,1002.4,4.35,False,False,False,True,False,False,True,False,False,False,False,False,,,,,,,,,0.64,0.64,,9.96,34.38,39.73,1002.4,5.15,,,,,,932.6,2026-09-23,,765.0,20,73.54,False,Leading,-3.21,-0.28,
81,EMUDHRA,Cash (non-F&O),False,Unknown,2026-10-07,501,False,5,D+G,Retest,"Retesting ₹590.75, an old peak it broke on 15 Sep, now holding as support; Beating Nifty: 1M +18.9% vs -5.4%, 3M +32.9% vs -5.4%; Next resistance ₹640.60 (5.3% above entry)",Room to next resistance only 5.3% (need 6%),,,0,In buy zone,False,12.57,605.5,-0.39,590.75,608.47,626.73,644.98,30,590.75,640.6,5.28,False,False,False,True,False,False,True,False,False,False,False,False,,,,,,,,,0.27,0.27,,18.94,32.86,38.21,688.35,13.68,,,,,,590.75,2026-09-15,,489.0,20,151.43,False,No data,,,
82,TI,Cash (non-F&O),False,Fast Moving Consumer Goods,2026-10-07,502,False,5,E+G+OB,Candle at support,"Bullish engulfing at support; Beating Nifty: 1M +2.1% vs -5.4%, 3M +23.5% vs -5.4%; Back at a demand zone (order block) ₹503.10–₹526.40 from 15 Sep and holding; Next resistance ₹594.55 (5.0% above entry)",Room to next resistance only 5.0% (need 6%),,,0,In buy zone,False,10.2,551.55,0.68,549.7,566.19,583.18,600.16,30,549.7,594.55,5.01,False,False,False,False,True,False,True,False,False,True,False,False,,503.1,526.4,2026-09-15,,,,,1.2,1.2,Bullish engulfing,2.07,23.54,28.9,607.8,10.2,,,,,,,,,500.65,20,50.54,False,Improving,-0.31,-9.53,
83,CARBORUNIV,Cash (non-F&O),False,Capital Goods,2026-10-07,500,False,5,D+G,Retest,"Retesting ₹1207.00, an old peak it broke on 22 Sep, now holding as support; Beating Nifty: 1M +13.8% vs -5.4%, 3M +15.3% vs -5.4%; Next resistance ₹1306.90 (5.1% above entry)",Room to next resistance only 5.1% (need 6%),,,0,Above buy zone by 1.1%: wait for a dip into the zone,False,8.93,1256.7,-1.02,1207.0,1243.21,1280.51,1317.8,30,1207.0,1306.9,5.12,False,False,False,True,False,False,True,False,False,False,False,False,,,,,,,,,0.19,0.19,,13.83,15.31,20.67,1368.9,8.93,,,,,,1207.0,2026-09-22,,1018.1,20,78.35,False,Leading,-1.68,1.99,
84,PROTEAN,Cash (non-F&O),False,Unknown,2026-10-07,416,False,5,D+G,Retest,"Retesting ₹648.00, an old peak it broke on 25 Sep, now holding as support; Beating Nifty: 1M +34.1% vs -5.4%, 3M +13.8% vs -5.4%; Next resistance ₹688.90 (3.2% above entry)",Room to next resistance only 3.2% (need 6%),,,0,Above buy zone by 0.4%: wait for a dip into the zone,False,7.32,669.95,-2.8,648.0,667.44,687.46,707.49,30,648.0,688.9,3.22,False,False,False,True,False,False,True,False,False,False,False,False,,,,,,,,,0.24,0.24,,34.08,13.8,19.16,887.9,32.53,,,,,,648.0,2026-09-25,,483.55,10,122.43,False,No data,,,
85,LLOYDSENGG,Cash (non-F&O),False,Capital Goods,2026-10-07,502,False,5,D+G,Retest,"Retesting ₹99.75, an old peak it broke on 29 Sep, now holding as support; Beating Nifty: 1M +23.6% vs -5.4%, 3M +11.6% vs -5.4%; Next resistance ₹104.20 (1.4% above entry)",Room to next resistance only 1.4% (need 6%),,,0,In buy zone,False,3.07,101.1,-0.05,99.75,102.74,105.82,108.91,30,99.75,104.2,1.42,False,False,False,True,False,False,True,False,False,False,False,False,,,,,,,,,0.8,0.8,,23.58,11.59,16.94,104.2,3.07,,,,,,99.75,2026-09-29,,77.68,20,129.73,False,Leading,-1.68,1.99,
86,ASTRAL,F&O,True,Capital Goods,2026-10-07,501,False,5,B+G,Breakout,"Broke out of a 10-day base (₹1316.10–₹1407.90, 7.0% range) on 07 Oct on 1.5× normal volume; Beating Nifty: 1M -4.7% vs -5.4%, 3M +8.4% vs -5.4%; Next resistance ₹1466.00 (0.2% above entry)",Room to next resistance only 0.2% (need 6%),,,0,,False,5.55,1427.7,1.81,1448.0,1462.48,1506.35,1550.23,30,1407.9,1466.0,0.24,False,True,False,False,False,False,True,False,False,False,False,False,,,,,,,,,1.47,1.47,,-4.71,8.4,13.75,1768.7,23.88,10.0,1407.9,1316.1,6.98,2026-10-07,,,,1355.0,No Band,73.86,False,Leading,-1.68,1.99,
87,CASTROLIND,Cash (non-F&O),False,Oil Gas & Consumable Fuels,2026-10-07,502,False,5,D+G,Retest,"Retesting ₹195.73, an old peak it broke on 18 Sep, now holding as support; Beating Nifty: 1M +4.1% vs -5.4%, 3M +7.2% vs -5.4%; Next resistance ₹202.40 (0.4% above entry)",Room to next resistance only 0.4% (need 6%),,,0,In buy zone,False,3.17,197.15,-1.52,195.73,201.6,207.65,213.7,30,195.73,202.4,0.4,False,False,False,True,False,False,True,False,False,False,False,False,,,,,,,,,0.48,0.48,,4.06,7.24,12.6,207.2,5.1,,,,,,195.73,2026-09-18,,184.1,20,70.15,False,Leading,-1.92,-2.6,
88,JSWINFRA,Midcap 150,True,Services,2026-10-07,502,False,5,D+G,Retest,"Retesting ₹351.50, an old peak it broke on 22 Sep, now holding as support; Beating Nifty: 1M +6.6% vs -5.4%, 3M +7.2% vs -5.4%; Next resistance ₹375.50 (3.7% above entry)",Room to next resistance only 3.7% (need 6%),,,0,In buy zone,False,6.1,353.9,-2.52,351.5,362.05,372.91,383.77,30,351.5,375.5,3.72,False,False,False,True,False,False,True,False,False,False,False,False,,,,,,,,,0.97,0.97,,6.6,7.23,12.58,375.5,6.1,,,,,,351.5,2026-09-22,,317.9,20,163.49,False,Leading,2.35,6.69,
89,WHIRLPOOL,Cash (non-F&O),False,Consumer Durables,2026-10-07,502,False,5,D+G,Retest,"Retesting ₹825.00, an old peak it broke on 23 Sep, now holding as support; Beating Nifty: 1M +5.0% vs -5.4%, 3M +6.3% vs -5.4%; Next resistance ₹858.70 (1.1% above entry)",Room to next resistance only 1.1% (need 6%),ASM,On NSE ASM list (surveillance; higher margin / trade restrictions possible),1,In buy zone,False,13.54,845.5,-2.57,825.0,849.75,875.24,900.74,30,825.0,858.7,1.05,False,False,False,True,False,False,True,False,False,False,False,False,,,,,,,,,0.08,0.08,,5.03,6.33,11.69,1437.0,69.96,,,,,,825.0,2026-09-23,,706.0,20,270.72,False,Leading,-4.41,-2.96,
90,APOLLO,Cash (non-F&O),False,Capital Goods,2026-10-07,502,False,5,B+G,Breakout,"Broke out of a 10-day base (₹388.00–₹414.40, 6.8% range) on 07 Oct on 1.3× normal volume; Beating Nifty: 1M -0.8% vs -5.4%, 3M +1.4% vs -5.4%; Next resistance ₹427.95 (0.3% above entry)",Room to next resistance only 0.3% (need 6%),,,0,,False,2.37,414.75,1.64,422.45,426.67,439.47,452.27,30,414.4,427.95,0.3,False,True,False,False,False,False,True,False,False,False,False,False,,,,,,,,,1.33,1.33,,-0.75,1.44,6.8,466.5,12.48,10.0,414.4,388.0,6.8,2026-10-07,,,,361.4,20,266.78,False,Leading,-1.68,1.99,
91,MANKIND,F&O,True,Healthcare,2026-10-07,501,False,5,D+G,Retest,"Retesting ₹2423.90, an old peak it broke on 21 Sep, now holding as support; Beating Nifty: 1M +8.3% vs -5.4%, 3M -1.0% vs -5.4%; Next resistance ₹2500.90 (0.2% above entry)",Room to next resistance only 0.2% (need 6%),,,0,Above buy zone by 0.1%: wait for a dip into the zone,False,2.36,2500.0,0.0,2423.9,2496.62,2571.52,2646.41,30,2423.9,2500.9,0.17,False,False,False,True,False,False,True,False,False,False,False,False,,,,,,,,,0.44,0.44,,8.27,-0.99,4.36,2642.0,5.68,,,,,,2423.9,2026-09-21,,2222.0,No Band,135.33,False,Leading,-3.21,-0.28,
92,GAIL,F&O,False,Oil Gas & Consumable Fuels,2026-10-07,502,False,5,E+G+Sweep,Candle at support,"Hammer at support; Beating Nifty: 1M -2.5% vs -5.4%, 3M -1.7% vs -5.4%; Liquidity sweep: dipped 2.2% under ₹170.02 and closed back above it; Next resistance ₹176.07 (0.1% above entry)",Room to next resistance only 0.1% (need 6%),,,0,In buy zone,False,3.39,170.71,-0.8,170.7,175.82,181.1,186.37,30,170.7,176.07,0.14,False,False,False,False,True,False,True,False,True,False,False,False,170.02,,,,,,,,1.15,1.15,Hammer,-2.5,-1.74,3.62,186.87,9.47,,,,,,,,,168.72,No Band,107.88,False,Leading,-1.92,-2.6,
93,DRREDDY,F&O,False,Healthcare,2026-10-07,502,False,5,D+G,Retest,"Retesting ₹1197.20, an old peak it broke on 21 Sep, now holding as support; Beating Nifty: 1M +4.6% vs -5.4%, 3M -3.3% vs -5.4%; Next resistance ₹1252.80 (1.6% above entry)",Room to next resistance only 1.6% (need 6%),,,0,In buy zone,False,4.07,1203.8,-0.35,1197.2,1233.12,1270.11,1307.1,30,1197.2,1252.8,1.6,False,False,False,True,False,False,True,False,False,False,False,False,,,,,,,,,0.84,0.84,,4.59,-3.25,2.1,1414.9,17.54,,,,,,1197.2,2026-09-21,,1130.0,No Band,258.12,False,Leading,-3.21,-0.28,
94,GROWW,Midcap 150,True,Financial Services,2026-10-07,229,False,5,B+G,Breakout,"Broke out of a 15-day base (₹178.01–₹195.50, 9.8% range) on 07 Oct on 1.4× normal volume; Beating Nifty: 1M +1.3% vs -5.4%, 3M -3.3% vs -5.4%; Next resistance ₹203.70 (1.7% above entry)",Room to next resistance only 1.7% (need 6%),,,0,,False,3.01,197.75,2.36,198.27,200.25,206.26,212.27,30,195.5,203.7,1.72,False,True,False,False,False,False,True,False,False,False,False,False,,,,,,,,,1.45,1.45,,1.29,-3.29,2.07,227.2,14.89,15.0,195.5,178.01,9.83,2026-10-07,,,,185.35,20,578.52,False,Improving,-4.95,-6.54,
95,ADANIPORTS,F&O,False,Services,2026-10-07,502,False,5,D+G,Retest,"Retesting ₹1723.90, an old peak it broke on 09 Sep, now holding as support; Beating Nifty: 1M +2.3% vs -5.4%, 3M -4.3% vs -5.4%; Next resistance ₹1822.00 (2.6% above entry)",Room to next resistance only 2.6% (need 6%),,,0,In buy zone,False,4.22,1750.1,-1.87,1723.9,1775.62,1828.89,1882.15,30,1723.9,1822.0,2.61,False,False,False,True,False,False,True,False,False,False,False,False,,,,,,,,,0.6,0.6,,2.35,-4.27,1.09,1891.1,8.06,,,,,,1723.9,2026-09-09,,1593.1,No Band,315.53,False,Leading,2.35,6.69,
96,PAGEIND,F&O,True,Textiles,2026-10-07,500,False,5,D+G,Retest,"Retesting ₹36540.00, an old peak it broke on 22 Sep, now holding as support; Beating Nifty: 1M +4.6% vs -5.4%, 3M -4.6% vs -5.4%; Next resistance ₹37845.00 (0.6% above entry)",Room to next resistance only 0.6% (need 6%),,,0,In buy zone,False,2.38,37570.0,-1.05,36540.0,37636.2,38765.29,39894.37,30,36540.0,37845.0,0.55,False,False,False,True,False,False,True,False,False,False,False,False,,,,,,,,,0.44,0.44,,4.61,-4.63,0.72,43855.0,16.73,,,,,,36540.0,2026-09-22,,34000.0,No Band,82.93,False,Leading,4.61,-0.52,
97,JKCEMENT,Midcap 150,True,Construction Materials,2026-10-07,502,False,5,C+E+A,Pullback,Pulled back 3.6% from its 20-day high to support at ₹4810.50 and holding; Inside-day breakout at support; Uptrend: higher highs and higher lows; Next resistance ₹5170.00 (4.3% above entry),Room to next resistance only 4.3% (need 6%),Low volume,Thin liquidity: Rs 26 cr/day avg,1,Above buy zone by 1.9%: wait for a dip into the zone,False,3.61,5047.0,1.75,4810.5,4954.82,5103.46,5252.1,30,4810.5,5170.0,4.34,True,False,True,False,True,False,False,False,False,False,False,False,,,,,,,,,0.77,0.77,Inside-day breakout,1.13,-6.51,-1.16,6764.5,34.03,,,,,,,,4810.5,4810.5,20,25.72,False,Lagging,-5.54,-8.73,
98,MOREPENLAB,Cash (non-F&O),False,Unknown,2026-10-07,502,False,4,A+G,,"Uptrend: higher highs and higher lows; Beating Nifty: 1M +25.4% vs -5.4%, 3M +140.1% vs -5.4%; Next resistance ₹150.70 (2.5% above entry)","No entry setup (no breakout, retest, pullback or candle at support); Room to next resistance only 2.5% (need 6%)",ASM,On NSE ASM list (surveillance; higher margin / trade restrictions possible),1,,False,2.54,146.97,2.09,,,,,30,126.8,150.7,2.54,True,False,False,False,False,False,True,False,False,False,False,False,,,,,,,,,1.19,1.19,,25.44,140.07,145.42,150.7,2.54,,,,,,,,,97.04,10,212.63,False,No data,,,
99,RAYMOND,Cash (non-F&O),False,Unknown,2026-10-07,502,False,4,A+G,,"Uptrend: higher highs and higher lows; Beating Nifty: 1M +40.7% vs -5.4%, 3M +91.0% vs -5.4%; Next resistance ₹1339.00 (11.0% above entry)","No entry setup (no breakout, retest, pullback or candle at support)",ASM,On NSE ASM list (surveillance; higher margin / trade restrictions possible),1,,False,10.96,1206.7,-6.77,,,,,30,658.95,1339.0,10.96,True,False,False,False,False,True,True,False,False,False,False,False,,,,,,,,,0.33,0.33,,40.67,91.02,96.38,1339.0,10.96,,,,,,,,,611.0,10,543.82,False,No data,,,
100,RATNAVEER,Cash (non-F&O),False,Unknown,2026-10-07,500,False,4,A+G,,"Uptrend: higher highs and higher lows; Beating Nifty: 1M +9.8% vs -5.4%, 3M +86.6% vs -5.4%; Next resistance ₹357.70 (6.3% above entry)","No entry setup (no breakout, retest, pullback or candle at support)",,,0,,False,6.32,336.45,0.36,,,,,30,316.0,357.7,6.32,True,False,False,False,False,True,True,False,False,False,False,False,,,,,,,,,0.75,0.75,,9.79,86.65,92.0,357.7,6.32,,,,,,,,,275.2,20,227.12,False,No data,,,
101,AHCL,Cash (non-F&O),False,Unknown,2026-10-07,275,False,4,G+OB,,"Beating Nifty: 1M +82.0% vs -5.4%, 3M +82.2% vs -5.4%; Back at a demand zone (order block) ₹28.18–₹30.68 from 24 Sep and holding; Next resistance ₹37.24 (32.2% above entry)","No entry setup (no breakout, retest, pullback or candle at support)","ASM, 5% band",On NSE ASM list (surveillance; higher margin / trade restrictions possible); 5% price band (daily move capped at 5%),2,,False,32.15,28.18,-4.99,,,,,30,17.27,37.24,32.15,False,False,False,False,False,True,True,False,False,True,False,False,,28.18,30.68,2026-09-24,,,,,0.04,0.04,,82.04,82.16,87.51,37.24,32.15,,,,,,,,,13.81,5,137.48,False,No data,,,
102,FILATEX,Cash (non-F&O),False,Unknown,2026-10-07,501,False,4,A+G,,"Uptrend: higher highs and higher lows; Beating Nifty: 1M +46.0% vs -5.4%, 3M +79.3% vs -5.4%; Next resistance ₹113.94 (2.1% above entry)","No entry setup (no breakout, retest, pullback or candle at support); Room to next resistance only 2.1% (need 6%)",ASM,On NSE ASM list (surveillance; higher margin / trade restrictions possible),1,,False,2.64,111.63,0.24,,,,,30,87.27,113.94,2.07,True,False,False,False,False,False,True,False,False,False,False,False,,,,,,,,,0.36,0.36,,46.04,79.33,84.68,114.58,2.64,,,,,,,,,74.27,20,70.28,False,No data,,,
103,SSWL,Cash (non-F&O),False,Unknown,2026-10-07,501,False,4,A+G,,"Uptrend: higher highs and higher lows; Beating Nifty: 1M +13.7% vs -5.4%, 3M +72.4% vs -5.4%; Next resistance ₹434.00 (2.3% above entry)","No entry setup (no breakout, retest, pullback or candle at support); Room to next resistance only 2.3% (need 6%)",,,0,,False,2.31,424.2,-0.12,,,,,30,384.15,434.0,2.31,True,False,False,False,False,False,True,False,False,False,False,False,,,,,,,,,0.6,0.6,,13.7,72.4,77.76,434.0,2.31,,,,,,,,,326.0,20,54.3,False,No data,,,
104,SHILPAMED,Cash (non-F&O),False,Healthcare,2026-10-07,502,False,4,A+G,,"Uptrend: higher highs and higher lows; Beating Nifty: 1M +11.6% vs -5.4%, 3M +70.8% vs -5.4%; Next resistance ₹1075.00 (0.4% above entry)","No entry setup (no breakout, retest, pullback or candle at support); Room to next resistance only 0.4% (need 6%)",ASM,On NSE ASM list (surveillance; higher margin / trade restrictions possible),1,,False,2.22,1071.2,-0.23,,,,,30,980.1,1075.0,0.35,True,False,False,False,False,False,True,False,False,False,False,False,,,,,,,,,0.52,0.52,,11.59,70.8,76.16,1095.0,2.22,,,,,,,,,874.85,20,82.57,False,Leading,-3.21,-0.28,
105,WELCORP,Cash (non-F&O),False,Capital Goods,2026-10-07,502,False,4,A+G,,"Uptrend: higher highs and higher lows; Beating Nifty: 1M +4.0% vs -5.4%, 3M +67.7% vs -5.4%; Next resistance ₹2784.80 (3.0% above entry)","No entry setup (no breakout, retest, pullback or candle at support); Room to next resistance only 3.0% (need 6%)",ASM,On NSE ASM list (surveillance; higher margin / trade restrictions possible),1,,False,7.22,2704.6,1.64,,,,,30,2240.2,2784.8,2.97,True,False,False,False,False,False,True,False,False,False,False,False,,,,,,,,,0.59,0.59,,4.04,67.72,73.07,2900.0,7.22,,,,,,,,,2240.2,20,551.74,False,Leading,-1.68,1.99,
106,SHANTIGOLD,Cash (non-F&O),False,Unknown,2026-10-07,297,False,4,A+G,,"Uptrend: higher highs and higher lows; Beating Nifty: 1M +29.1% vs -5.4%, 3M +60.8% vs -5.4%; Next resistance ₹351.00 (2.9% above entry)","No entry setup (no breakout, retest, pullback or candle at support); Room to next resistance only 2.9% (need 6%)",ASM,On NSE ASM list (surveillance; higher margin / trade restrictions possible),1,,False,2.92,341.05,1.31,,,,,30,333.09,351.0,2.92,True,False,False,False,False,False,True,False,False,False,False,False,,,,,,,,,0.68,0.68,,29.06,60.8,66.16,351.0,2.92,,,,,,,,,238.82,20,139.05,False,No data,,,
107,OPTIEMUS,Cash (non-F&O),False,Unknown,2026-10-07,501,False,4,A+G,,"Uptrend: higher highs and higher lows; Beating Nifty: 1M +54.9% vs -5.4%, 3M +59.3% vs -5.4%; Next resistance ₹924.90 (7.3% above entry)","No entry setup (no breakout, retest, pullback or candle at support)",ASM,On NSE ASM list (surveillance; higher margin / trade restrictions possible),1,,False,7.31,861.9,-3.15,,,,,30,850.65,924.9,7.31,True,False,False,False,False,True,True,False,False,False,False,False,,,,,,,,,0.52,0.52,,54.92,59.3,64.66,924.9,7.31,,,,,,,,,540.0,20,166.61,False,No data,,,
108,UNIMECH,Cash (non-F&O),False,Capital Goods,2026-10-07,443,False,4,A+G,,"Uptrend: higher highs and higher lows; Beating Nifty: 1M +13.8% vs -5.4%, 3M +56.5% vs -5.4%; Next resistance ₹1868.20 (0.7% above entry)","No entry setup (no breakout, retest, pullback or candle at support); Room to next resistance only 0.7% (need 6%)",,,0,,False,2.51,1854.5,-0.99,,,,,30,1652.8,1868.2,0.74,True,False,False,False,False,False,True,False,False,False,False,False,,,,,,,,,0.46,0.46,,13.8,56.5,61.85,1901.0,2.51,,,,,,,,,1591.6,10,50.46,False,Leading,-1.68,1.99,
109,SBC,Cash (non-F&O),False,Unknown,2026-10-07,502,False,4,A+G,,"Uptrend: higher highs and higher lows; Beating Nifty: 1M +32.1% vs -5.4%, 3M +45.8% vs -5.4%; Next resistance ₹64.43 (4.3% above entry)","No entry setup (no breakout, retest, pullback or candle at support); Room to next resistance only 4.3% (need 6%)",,,0,,False,4.31,61.77,0.11,,,,,30,49.38,64.43,4.31,True,False,False,False,False,False,True,False,False,False,False,False,,,,,,,,,0.89,0.89,,32.07,45.75,51.11,64.43,4.31,,,,,,,,,45.75,20,81.01,False,No data,,,
110,FINCABLES,Cash (non-F&O),False,Capital Goods,2026-10-07,501,False,4,A+G,,"Uptrend: higher highs and higher lows; Beating Nifty: 1M +20.9% vs -5.4%, 3M +41.7% vs -5.4%; Next resistance ₹1498.00 (1.0% above entry)","No entry setup (no breakout, retest, pullback or candle at support); Room to next resistance only 1.0% (need 6%)",,,0,,False,0.98,1483.5,0.64,,,,,30,1396.4,1498.0,0.98,True,False,False,False,False,False,True,False,False,False,False,False,,,,,,,,,0.37,0.37,,20.9,41.74,47.1,1498.0,0.98,,,,,,,,,1396.4,20,148.26,False,Leading,-1.68,1.99,
111,KOPRAN,Cash (non-F&O),False,Unknown,2026-10-07,502,False,4,A+G,,"Uptrend: higher highs and higher lows; Beating Nifty: 1M +15.4% vs -5.4%, 3M +40.5% vs -5.4%; Next resistance ₹295.83 (7.0% above entry)","No entry setup (no breakout, retest, pullback or candle at support)",ASM,On NSE ASM list (surveillance; higher margin / trade restrictions possible),1,,False,6.99,276.5,2.56,,,,,30,253.71,295.83,6.99,True,False,False,False,False,True,True,False,False,False,False,False,,,,,,,,,0.13,0.13,,15.44,40.48,45.84,295.83,6.99,,,,,,,,,226.2,20,58.08,False,No data,,,
112,DIVISLAB,F&O,False,Healthcare,2026-10-07,501,False,4,A+G,,"Uptrend: higher highs and higher lows; Beating Nifty: 1M +0.1% vs -5.4%, 3M +40.3% vs -5.4%; Next resistance ₹9615.00 (0.3% above entry)","No entry setup (no breakout, retest, pullback or candle at support); Room to next resistance only 0.3% (need 6%)",,,0,,False,1.59,9588.0,0.4,,,,,30,9467.0,9615.0,0.28,True,False,False,False,False,False,True,False,False,False,False,False,,,,,,,,,0.94,0.94,,0.14,40.26,45.61,9740.0,1.59,,,,,,,,,8923.0,No Band,423.94,False,Leading,-3.21,-0.28,
113,ANTELOPUS,Cash (non-F&O),False,Unknown,2026-10-07,502,False,4,A+G,,"Uptrend: higher highs and higher lows; Beating Nifty: 1M +2.8% vs -5.4%, 3M +38.3% vs -5.4%; Next resistance ₹1218.30 (7.8% above entry)","No entry setup (no breakout, retest, pullback or candle at support)",ASM,On NSE ASM list (surveillance; higher margin / trade restrictions possible),1,,False,14.22,1130.2,2.69,,,,,30,996.1,1218.3,7.8,True,False,False,False,False,True,True,False,False,False,False,False,,,,,,,,,0.18,0.18,,2.82,38.28,43.64,1290.9,14.22,,,,,,,,,996.1,20,171.99,False,No data,,,
114,PARAGMILK,Cash (non-F&O),False,Unknown,2026-10-07,502,False,4,A+G,,"Uptrend: higher highs and higher lows; Beating Nifty: 1M +22.6% vs -5.4%, 3M +34.6% vs -5.4%; Next resistance ₹322.95 (3.6% above entry)","No entry setup (no breakout, retest, pullback or candle at support); Room to next resistance only 3.6% (need 6%)",,,0,,False,0.93,311.8,1.0,,,,,30,307.3,322.95,3.58,True,False,False,False,False,False,True,False,False,False,False,False,,,,,,,,,1.03,1.03,,22.56,34.56,39.91,376.95,20.89,,,,,,,,,256.25,20,68.88,False,No data,,,
115,PVRINOX,Cash (non-F&O),False,Media Entertainment & Publication,2026-10-07,501,False,4,A+G,,"Uptrend: higher highs and higher lows; Beating Nifty: 1M +9.1% vs -5.4%, 3M +34.1% vs -5.4%; Next resistance ₹1357.80 (1.0% above entry)","No entry setup (no breakout, retest, pullback or candle at support); Room to next resistance only 1.0% (need 6%)",,,0,,False,2.31,1343.8,7.56,,,,,30,1284.5,1357.8,1.04,True,False,False,False,False,False,True,False,False,False,False,False,,,,,,,,,10.49,10.49,,9.14,34.11,39.46,1374.8,2.31,,,,,,,,,1181.2,20,91.27,False,Leading,2.2,24.57,
116,LAURUSLABS,F&O,True,Healthcare,2026-10-07,502,False,4,A+G,,"Uptrend: higher highs and higher lows; Beating Nifty: 1M +5.4% vs -5.4%, 3M +33.5% vs -5.4%; Next resistance ₹2055.30 (0.1% above entry)","No entry setup (no breakout, retest, pullback or candle at support); Room to next resistance only 0.1% (need 6%)",,,0,,False,0.6,2052.8,0.14,,,,,30,1949.0,2055.3,0.12,True,False,False,False,False,False,True,False,False,False,False,False,,,,,,,,,0.95,0.95,,5.44,33.49,38.84,2065.2,0.6,,,,,,,,,1863.5,No Band,309.56,False,Leading,-3.21,-0.28,
117,SAMBHV,Cash (non-F&O),False,Unknown,2026-10-07,318,False,4,A+G,,"Uptrend: higher highs and higher lows; Beating Nifty: 1M +23.0% vs -5.4%, 3M +33.4% vs -5.4%; Next resistance ₹171.70 (8.5% above entry)","No entry setup (no breakout, retest, pullback or candle at support)",,,0,,False,8.45,158.32,-2.39,,,,,30,141.32,171.7,8.45,True,False,False,False,False,True,True,False,False,False,False,False,,,,,,,,,0.21,0.21,,23.04,33.43,38.79,171.7,8.45,,,,,,,,,123.75,20,113.34,False,No data,,,
118,APARINDS,Midcap 150,True,Capital Goods,2026-10-07,502,False,4,G+OB,,"Beating Nifty: 1M +3.0% vs -5.4%, 3M +29.2% vs -5.4%; Back at a demand zone (order block) ₹16490.00–₹17688.00 from 15 Sep and holding; Next resistance ₹18465.00 (1.7% above entry)","No entry setup (no breakout, retest, pullback or candle at support); Room to next resistance only 1.7% (need 6%)",,,0,,False,6.08,18160.0,0.8,,,,,30,18132.0,18465.0,1.68,False,False,False,False,False,False,True,False,False,True,False,False,,16490.0,17688.0,2026-09-15,,,,,0.86,0.86,,2.98,29.18,34.53,19265.0,6.08,,,,,,,,,16015.0,20,220.66,False,Leading,-1.68,1.99,
119,QUADFUTURE,Cash (non-F&O),False,Unknown,2026-10-07,434,False,4,A+G,,"Uptrend: higher highs and higher lows; Beating Nifty: 1M +21.2% vs -5.4%, 3M +29.2% vs -5.4%; Next resistance ₹567.20 (6.1% above entry)","No entry setup (no breakout, retest, pullback or candle at support)",,,0,,False,6.14,534.4,-2.37,,,,,30,492.6,567.2,6.14,True,False,False,False,False,True,True,False,False,False,False,False,,,,,,,,,0.15,0.15,,21.18,29.16,34.52,567.2,6.14,,,,,,,,,492.6,20,70.39,False,No data,,,
120,ENGINERSIN,Cash (non-F&O),False,Construction,2026-10-07,502,False,4,A+G,,"Uptrend: higher highs and higher lows; Beating Nifty: 1M +10.4% vs -5.4%, 3M +28.7% vs -5.4%; Next resistance ₹321.40 (4.2% above entry)","No entry setup (no breakout, retest, pullback or candle at support); Room to next resistance only 4.2% (need 6%)",,,0,,False,4.25,308.3,-1.6,,,,,30,289.65,321.4,4.25,True,False,False,False,False,False,True,False,False,False,False,False,,,,,,,,,0.69,0.69,,10.42,28.65,34.01,321.4,4.25,,,,,,,,,253.6,20,183.48,False,Lagging,-5.97,-13.62,
121,TIMEX,Cash (non-F&O),False,Consumer Durables,2026-10-07,119,False,4,A+G,,"Uptrend: higher highs and higher lows; Beating Nifty: 1M +19.3% vs -5.4%, 3M +27.2% vs -5.4%; Next resistance ₹748.00 (3.3% above entry)","No entry setup (no breakout, retest, pullback or candle at support); Room to next resistance only 3.3% (need 6%)",New listing,"Short history: 119 sessions, limited price structure",1,,False,4.87,724.45,-0.99,,,,,30,687.8,748.0,3.25,True,False,False,False,False,False,True,False,False,False,False,False,,,,,,,,,0.47,0.47,,19.33,27.19,32.54,759.7,4.87,,,,,,,,,683.1,20,50.54,False,Leading,-4.41,-2.96,
122,BALRAMCHIN,Cash (non-F&O),False,Fast Moving Consumer Goods,2026-10-07,502,False,4,G+OB,,"Beating Nifty: 1M -0.7% vs -5.4%, 3M +24.6% vs -5.4%; Back at a demand zone (order block) ₹648.00–₹667.70 from 19 Aug and holding; Next resistance ₹742.00 (5.0% above entry)","No entry setup (no breakout, retest, pullback or candle at support); Room to next resistance only 5.0% (need 6%)",,,0,,False,1.12,706.6,2.21,,,,,30,705.35,742.0,5.01,False,False,False,False,False,False,True,False,False,True,False,False,,648.0,667.7,2026-08-19,,,,,1.37,1.37,,-0.68,24.64,30.0,780.95,10.52,,,,,,,,,651.3,20,82.61,False,Improving,-0.31,-9.53,
123,NAZARA,Cash (non-F&O),False,Media Entertainment & Publication,2026-10-07,501,False,4,A+G,,"Uptrend: higher highs and higher lows; Beating Nifty: 1M +2.2% vs -5.4%, 3M +24.6% vs -5.4%; Next resistance ₹379.40 (0.3% above entry)","No entry setup (no breakout, retest, pullback or candle at support); Room to next resistance only 0.3% (need 6%)",,,0,,False,6.2,378.45,-0.29,,,,,30,365.0,379.4,0.25,True,False,False,False,False,False,True,False,False,False,False,False,,,,,,,,,0.29,0.29,,2.2,24.57,29.93,401.9,6.2,,,,,,,,,345.6,20,54.64,False,Leading,2.2,24.57,
124,VENUSPIPES,Cash (non-F&O),False,Unknown,2026-10-07,500,False,4,A+G,,"Uptrend: higher highs and higher lows; Beating Nifty: 1M +24.0% vs -5.4%, 3M +24.1% vs -5.4%; Next resistance ₹2347.90 (4.9% above entry)","No entry setup (no breakout, retest, pullback or candle at support); Room to next resistance only 4.9% (need 6%)",,,0,,False,4.89,2238.5,-0.08,,,,,30,2090.0,2347.9,4.89,True,False,False,False,False,False,True,False,False,False,False,False,,,,,,,,,0.34,0.34,,23.99,24.13,29.49,2347.9,4.89,,,,,,,,,2090.0,20,63.27,False,No data,,,
125,NRBBEARING,Cash (non-F&O),False,Unknown,2026-10-07,501,False,4,A+G,,"Uptrend: higher highs and higher lows; Beating Nifty: 1M +8.2% vs -5.4%, 3M +23.5% vs -5.4%; Next resistance ₹559.90 (5.7% above entry)","No entry setup (no breakout, retest, pullback or candle at support); Room to next resistance only 5.7% (need 6%)",,,0,,False,5.65,529.95,-1.3,,,,,30,503.9,559.9,5.65,True,False,False,False,False,False,True,False,False,False,False,False,,,,,,,,,0.28,0.28,,8.24,23.55,28.9,559.9,5.65,,,,,,,,,453.5,20,54.29,False,No data,,,
126,SAILIFE,Cash (non-F&O),False,Healthcare,2026-10-07,452,False,4,G+OB,,"Beating Nifty: 1M -5.2% vs -5.4%, 3M +23.5% vs -5.4%; Back at a demand zone (order block) ₹1453.20–₹1496.50 from 31 Aug and holding; Next resistance ₹1649.80 (5.6% above entry)","No entry setup (no breakout, retest, pullback or candle at support); Room to next resistance only 5.6% (need 6%)",,,0,,False,7.27,1561.8,0.24,,,,,30,1494.4,1649.8,5.63,False,False,False,False,False,False,True,False,False,True,False,False,,1453.2,1496.5,2026-08-31,,,,,1.28,1.28,,-5.18,23.46,28.82,1697.0,8.66,,,,,,,,,1494.4,20,75.35,False,Leading,-3.21,-0.28,
127,MCX,F&O,True,Financial Services,2026-10-07,502,False,4,G+OB,,"Beating Nifty: 1M +0.6% vs -5.4%, 3M +21.4% vs -5.4%; Back at a demand zone (order block) ₹2960.10–₹3068.00 from 19 Aug and holding; Next resistance ₹3398.00 (1.1% above entry)","No entry setup (no breakout, retest, pullback or candle at support); Room to next resistance only 1.1% (need 6%)",,,0,,False,3.53,3362.6,1.59,,,,,30,3056.6,3398.0,1.05,False,False,False,False,False,False,True,False,False,True,False,False,,2960.1,3068.0,2026-08-19,,,,,1.4,1.4,,0.62,21.36,26.72,3481.4,3.53,,,,,,,,,3056.6,No Band,560.57,False,Improving,-4.95,-6.54,
128,COFORGE,F&O,True,Information Technology,2026-10-07,502,False,4,C+A,Pullback,Pulled back 3.9% from its 20-day high to support at ₹1759.00 and holding; Uptrend: higher highs and higher lows; Next resistance ₹1866.60 (3.0% above entry),Room to next resistance only 3.0% (need 6%),,,0,Above buy zone by 0.6%: wait for a dip into the zone,False,3.92,1822.2,-1.49,1759.0,1811.77,1866.12,1920.48,30,1759.0,1866.6,3.03,True,False,True,False,False,False,False,False,False,False,False,False,,,,,,,,,0.41,0.41,,-6.55,21.17,26.53,2021.2,10.92,,,,,,,,1759.0,1722.0,No Band,361.49,False,Weakening,-6.55,-1.42,
129,MARKSANS,Cash (non-F&O),False,Healthcare,2026-10-07,502,False,4,G+OB,,"Beating Nifty: 1M -3.1% vs -5.4%, 3M +19.5% vs -5.4%; Back at a demand zone (order block) ₹318.65–₹325.85 from 18 Sep and holding; Next resistance ₹345.50 (6.2% above entry)","No entry setup (no breakout, retest, pullback or candle at support)",,,0,,False,7.84,325.45,0.32,,,,,30,301.1,345.5,6.16,False,False,False,False,False,True,True,False,False,True,False,False,,318.65,325.85,2026-09-18,,,,,1.06,1.06,,-3.11,19.48,24.83,350.95,7.84,,,,,,,,,301.1,20,67.72,False,Leading,-3.21,-0.28,
130,KTKBANK,Cash (non-F&O),False,Financial Services,2026-10-07,502,False,4,G+OB,,"Beating Nifty: 1M -2.3% vs -5.4%, 3M +18.1% vs -5.4%; Back at a demand zone (order block) ₹312.20–₹317.75 from 18 Sep and holding; Next resistance ₹345.40 (5.8% above entry)","No entry setup (no breakout, retest, pullback or candle at support); Room to next resistance only 5.8% (need 6%)",,,0,,False,5.8,326.45,0.68,,,,,30,316.8,345.4,5.8,False,False,False,False,False,False,True,False,False,True,False,False,,312.2,317.75,2026-09-18,,,,,1.11,1.11,,-2.33,18.13,23.48,345.9,5.96,,,,,,,,,309.85,20,56.22,False,Improving,-4.95,-6.54,
131,KISSHT,Cash (non-F&O),False,Financial Services,2026-10-07,109,False,4,A+G,,"Uptrend: higher highs and higher lows; Beating Nifty: 1M +14.0% vs -5.4%, 3M +17.6% vs -5.4%; Next resistance ₹388.15 (2.9% above entry)","No entry setup (no breakout, retest, pullback or candle at support); Room to next resistance only 2.9% (need 6%)",New listing,"Short history: 109 sessions, limited price structure",1,,False,2.86,377.35,-1.5,,,,,30,373.0,388.15,2.86,True,False,False,False,False,False,True,False,False,False,False,False,,,,,,,,,0.41,0.41,,14.0,17.63,22.98,388.15,2.86,,,,,,,,,332.7,20,63.4,False,Improving,-4.95,-6.54,
132,NEOGEN,Cash (non-F&O),False,Chemicals,2026-10-07,502,False,4,G+OB,,"Beating Nifty: 1M +9.9% vs -5.4%, 3M +16.6% vs -5.4%; Back at a demand zone (order block) ₹2175.70–₹2250.00 from 08 Sep and holding; Next resistance ₹2480.00 (2.0% above entry)","No entry setup (no breakout, retest, pullback or candle at support); Room to next resistance only 2.0% (need 6%)",,,0,,False,2.81,2431.3,0.09,,,,,30,2374.0,2480.0,2.0,False,False,False,False,False,False,True,False,False,True,False,False,,2175.7,2250.0,2026-09-08,,,,,0.36,0.36,,9.86,16.6,21.96,2499.7,2.81,,,,,,,,,2202.9,20,50.53,False,Improving,-3.07,-7.5,
133,MOBIKWIK,Cash (non-F&O),False,Unknown,2026-10-07,452,False,4,G+OB,,"Beating Nifty: 1M +31.9% vs -5.4%, 3M +15.6% vs -5.4%; Back at a demand zone (order block) ₹193.35–₹198.24 from 10 Sep and holding; Next resistance ₹267.35 (4.4% above entry)","No entry setup (no breakout, retest, pullback or candle at support); Room to next resistance only 4.4% (need 6%)",,,0,,False,3.8,256.08,5.76,,,,,30,248.36,267.35,4.4,False,False,False,False,False,False,True,False,False,True,False,False,,193.35,198.24,2026-09-10,,,,,13.04,13.04,,31.9,15.64,20.99,290.6,13.48,,,,,,,,,184.06,20,223.34,False,No data,,,
134,LALPATHLAB,Cash (non-F&O),False,Healthcare,2026-10-07,501,False,4,A+G,,"Uptrend: higher highs and higher lows; Beating Nifty: 1M +2.3% vs -5.4%, 3M +15.5% vs -5.4%; Next resistance ₹1963.00 (0.9% above entry)","No entry setup (no breakout, retest, pullback or candle at support); Room to next resistance only 0.9% (need 6%)",,,0,,False,4.81,1945.1,-0.97,,,,,30,1870.0,1963.0,0.92,True,False,False,False,False,False,True,False,False,False,False,False,,,,,,,,,0.72,0.72,,2.27,15.46,20.82,2038.6,4.81,,,,,,,,,1870.0,20,69.73,False,Leading,-3.21,-0.28,
135,MOTHERSON,F&O,False,Automobile and Auto Components,2026-10-07,502,False,4,G+OB,,"Beating Nifty: 1M -2.8% vs -5.4%, 3M +11.2% vs -5.4%; Back at a demand zone (order block) ₹151.61–₹157.99 from 06 Aug and holding; Next resistance ₹165.58 (4.0% above entry)","No entry setup (no breakout, retest, pullback or candle at support); Room to next resistance only 4.0% (need 6%)",,,0,,False,4.41,159.2,-0.5,,,,,30,156.4,165.58,4.01,False,False,False,False,False,False,True,False,False,True,False,False,,151.61,157.99,2026-08-06,,,,,1.03,1.03,,-2.84,11.18,16.54,173.27,8.84,,,,,,,,,156.4,No Band,178.34,False,Weakening,-7.53,-4.3,
136,SIEMENS,F&O,False,Capital Goods,2026-10-07,501,False,4,G+OB,,"Beating Nifty: 1M -4.0% vs -5.4%, 3M +8.5% vs -5.4%; Back at a demand zone (order block) ₹3576.10–₹3681.10 from 29 Jul and holding; Next resistance ₹3807.70 (0.4% above entry)","No entry setup (no breakout, retest, pullback or candle at support); Room to next resistance only 0.4% (need 6%)",,,0,,False,5.14,3793.0,-1.58,,,,,30,3682.4,3807.7,0.39,False,False,False,False,False,False,True,False,False,True,False,False,,3576.1,3681.1,2026-07-29,,,,,1.09,1.09,,-4.01,8.48,13.84,4149.4,9.4,,,,,,,,,3682.4,No Band,83.98,False,Leading,-1.68,1.99,
137,TVSMOTOR,F&O,False,Automobile and Auto Components,2026-10-07,502,False,4,G+OB,,"Beating Nifty: 1M -5.0% vs -5.4%, 3M +8.4% vs -5.4%; Back at a demand zone (order block) ₹3850.00–₹3905.10 from 27 Jul and holding; Next resistance ₹3970.00 (1.1% above entry)","No entry setup (no breakout, retest, pullback or candle at support); Room to next resistance only 1.1% (need 6%)",,,0,,False,7.19,3926.0,-1.38,,,,,30,3909.0,3970.0,1.12,False,False,False,False,False,False,True,False,False,True,False,False,,3850.0,3905.1,2026-07-27,,,,,1.04,1.04,,-5.01,8.36,13.72,4484.5,14.23,,,,,,,,,4002.0,No Band,256.36,False,Weakening,-7.53,-4.3,
138,KARURVYSYA,Cash (non-F&O),False,Financial Services,2026-10-07,502,False,4,E+G+Vol,Candle at support,"Inside-day breakout at support; Beating Nifty: 1M -3.2% vs -5.4%, 3M +8.0% vs -5.4%; Volume 1.5× normal on the latest session; Next resistance ₹343.45 (1.7% above entry)",Room to next resistance only 1.7% (need 6%),,,0,In buy zone,False,3.0,330.1,1.51,327.9,337.74,347.87,358.0,30,327.9,343.45,1.69,False,False,False,False,True,False,True,True,False,False,False,False,,,,,,,,,1.54,1.54,Inside-day breakout,-3.24,8.0,13.35,358.65,8.65,,,,,,,,,311.4,20,56.16,False,Improving,-4.95,-6.54,
139,GABRIEL,Cash (non-F&O),False,Automobile and Auto Components,2026-10-07,502,False,4,G+OB,,"Beating Nifty: 1M -3.1% vs -5.4%, 3M +7.7% vs -5.4%; Back at a demand zone (order block) ₹1281.60–₹1330.00 from 21 Sep and holding; Next resistance ₹1467.90 (9.0% above entry)","No entry setup (no breakout, retest, pullback or candle at support)",,,0,,False,11.0,1346.9,-0.44,,,,,30,1328.0,1467.9,8.98,False,False,False,False,False,True,True,False,False,True,False,False,,1281.6,1330.0,2026-09-21,,,,,0.31,0.31,,-3.07,7.68,13.04,1600.0,18.79,,,,,,,,,1268.2,20,91.76,False,Weakening,-7.53,-4.3,
140,RSYSTEMS,Cash (non-F&O),False,Unknown,2026-10-07,501,False,4,G+OB,,"Beating Nifty: 1M +0.7% vs -5.4%, 3M +7.1% vs -5.4%; Back at a demand zone (order block) ₹232.26–₹239.88 from 25 Sep and holding; Next resistance ₹257.55 (2.1% above entry)","No entry setup (no breakout, retest, pullback or candle at support); Room to next resistance only 2.1% (need 6%)",,,0,,False,21.25,252.35,2.46,,,,,30,232.26,257.55,2.06,False,False,False,False,False,False,True,False,False,True,False,False,,232.26,239.88,2026-09-25,,,,,0.17,0.17,,0.65,7.07,12.42,435.9,72.74,,,,,,,,,232.26,20,217.34,False,No data,,,
141,FSL,Cash (non-F&O),False,Services,2026-10-07,501,False,4,G+OB,,"Beating Nifty: 1M -0.2% vs -5.4%, 3M +6.7% vs -5.4%; Back at a demand zone (order block) ₹246.65–₹251.00 from 11 Sep and holding; Next resistance ₹273.85 (5.7% above entry)","No entry setup (no breakout, retest, pullback or candle at support); Room to next resistance only 5.7% (need 6%)",,,0,,False,12.65,259.2,-0.4,,,,,30,254.68,273.85,5.65,False,False,False,False,False,False,True,False,False,True,False,False,,246.65,251.0,2026-09-11,,,,,0.28,0.28,,-0.15,6.69,12.05,371.75,43.42,,,,,,,,,246.65,20,75.19,False,Leading,2.35,6.69,
142,BELRISE,Cash (non-F&O),False,Automobile and Auto Components,2026-10-07,344,False,4,G+Sweep,,"Beating Nifty: 1M +8.4% vs -5.4%, 3M +6.4% vs -5.4%; Liquidity sweep: dipped 0.6% under ₹226.30 and closed back above it; Next resistance ₹252.00 (2.3% above entry)","No entry setup (no breakout, retest, pullback or candle at support); Room to next resistance only 2.3% (need 6%)",,,0,,False,3.24,246.31,4.01,,,,,30,239.7,252.0,2.31,False,False,False,False,False,False,True,False,True,False,False,False,226.3,,,,,,,,1.39,1.39,,8.43,6.37,11.73,268.2,8.89,,,,,,,,,222.75,20,68.03,False,Weakening,-7.53,-4.3,
143,UNIONBANK,F&O,False,Financial Services,2026-10-07,502,False,4,E+Vol+Sweep,Candle at support,Bullish engulfing at support; Volume 1.8× normal on the latest session; Liquidity sweep: dipped 0.2% under ₹165.81 and closed back above it; Next resistance ₹177.60 (1.5% above entry),Room to next resistance only 1.5% (need 6%),,,0,In buy zone,False,6.52,173.15,2.8,169.9,175.0,180.25,185.5,30,169.9,177.6,1.49,False,False,False,False,True,False,False,True,True,False,False,False,165.81,,,,,,,,1.85,1.85,Bullish engulfing,-5.5,5.25,10.61,205.49,18.68,,,,,,,,,174.74,No Band,132.02,False,Improving,-4.95,-6.54,
144,GOLDBEES,Cash (non-F&O),False,Unknown,2026-10-07,500,False,4,G+OB,,"Beating Nifty: 1M -3.6% vs -5.4%, 3M +2.2% vs -5.4%; Back at a demand zone (order block) ₹116.54–₹117.48 from 04 Aug and holding; Next resistance ₹123.00 (1.6% above entry)","No entry setup (no breakout, retest, pullback or candle at support); Room to next resistance only 1.6% (need 6%)",,,0,,False,4.85,121.08,-0.41,,,,,30,119.88,123.0,1.59,False,False,False,False,False,False,True,False,False,True,False,False,,116.54,117.48,2026-08-04,,,,,0.73,0.73,,-3.58,2.25,7.6,148.14,22.35,,,,,,,,,119.8,No Band,228.33,False,No data,,,
145,USHAMART,Cash (non-F&O),False,Capital Goods,2026-10-07,502,False,4,G+OB,,"Beating Nifty: 1M +4.1% vs -5.4%, 3M +2.0% vs -5.4%; Back at a demand zone (order block) ₹464.15–₹482.00 from 16 Sep and holding; Next resistance ₹524.80 (0.9% above entry)","No entry setup (no breakout, retest, pullback or candle at support); Room to next resistance only 0.9% (need 6%)",,,0,,False,4.3,520.25,0.69,,,,,30,519.85,524.8,0.87,False,False,False,False,False,False,True,False,False,True,False,False,,464.15,482.0,2026-09-16,,,,,0.97,0.97,,4.08,1.99,7.35,542.6,4.3,,,,,,,,,464.15,20,52.6,False,Leading,-1.68,1.99,
146,PNBHOUSING,F&O,False,Financial Services,2026-10-07,502,False,4,G+OB,,"Beating Nifty: 1M -3.1% vs -5.4%, 3M +1.8% vs -5.4%; Back at a demand zone (order block) ₹1051.90–₹1091.90 from 04 Aug and holding; Next resistance ₹1132.70 (0.2% above entry)","No entry setup (no breakout, retest, pullback or candle at support); Room to next resistance only 0.2% (need 6%)",,,0,,False,5.18,1131.0,2.62,,,,,30,1105.0,1132.7,0.15,False,False,False,False,False,False,True,False,False,True,False,False,,1051.9,1091.9,2026-08-04,,,,,1.27,1.27,,-3.09,1.84,7.19,1211.5,7.12,,,,,,,,,1065.4,No Band,104.08,False,Improving,-4.95,-6.54,
147,KAJARIACER,Cash (non-F&O),False,Consumer Durables,2026-10-07,501,False,4,G+OB,,"Beating Nifty: 1M +0.5% vs -5.4%, 3M +0.9% vs -5.4%; Back at a demand zone (order block) ₹1158.40–₹1179.00 from 07 Aug and holding; Next resistance ₹1232.90 (0.5% above entry)","No entry setup (no breakout, retest, pullback or candle at support); Room to next resistance only 0.5% (need 6%)",,,0,,False,3.24,1226.2,1.02,,,,,30,1167.0,1232.9,0.55,False,False,False,False,False,False,True,False,False,True,False,False,,1158.4,1179.0,2026-08-07,,,,,0.5,0.5,,0.47,0.92,6.28,1293.8,5.51,,,,,,,,,1167.0,20,57.85,False,Leading,-4.41,-2.96,
148,MAHABANK,F&O,True,Financial Services,2026-10-07,502,False,4,E+G+Vol,Candle at support,"Bullish engulfing at support; Beating Nifty: 1M -0.8% vs -5.4%, 3M -0.1% vs -5.4%; Volume 1.6× normal on the latest session; Next resistance ₹84.88 (0.1% above entry)",Room to next resistance only 0.1% (need 6%),,,0,In buy zone,False,2.5,84.15,4.15,82.29,84.76,87.3,89.84,30,82.29,84.88,0.14,False,False,False,False,True,False,True,True,False,False,False,False,,,,,,,,,1.64,1.64,Bullish engulfing,-0.75,-0.12,5.24,94.5,12.3,,,,,,,,,79.2,No Band,107.69,False,Improving,-4.95,-6.54,
149,ZYDUSLIFE,F&O,False,Healthcare,2026-10-07,501,False,4,G+OB,,"Beating Nifty: 1M -0.3% vs -5.4%, 3M -0.5% vs -5.4%; Back at a demand zone (order block) ₹1098.00–₹1117.50 from 24 Aug and holding; Next resistance ₹1181.50 (2.5% above entry)","No entry setup (no breakout, retest, pullback or candle at support); Room to next resistance only 2.5% (need 6%)",,,0,,False,6.86,1153.0,-0.56,,,,,30,1135.9,1181.5,2.47,False,False,False,False,False,False,True,False,False,True,False,False,,1098.0,1117.5,2026-08-24,,,,,0.73,0.73,,-0.34,-0.52,4.84,1232.1,6.86,,,,,,,,,1086.0,No Band,176.19,False,Leading,-3.21,-0.28,
150,POWERINDIA,F&O,False,Capital Goods,2026-10-07,501,False,4,G+OB,,"Beating Nifty: 1M -0.5% vs -5.4%, 3M -3.1% vs -5.4%; Back at a demand zone (order block) ₹29645.00–₹30400.00 from 16 Sep and holding; Next resistance ₹32700.00 (3.4% above entry)","No entry setup (no breakout, retest, pullback or candle at support); Room to next resistance only 3.4% (need 6%)",,,0,,False,3.45,31610.0,-0.09,,,,,30,29865.0,32700.0,3.45,False,False,False,False,False,False,True,False,False,True,False,False,,29645.0,30400.0,2026-09-16,,,,,0.44,0.44,,-0.52,-3.07,2.29,38785.0,22.7,,,,,,,,,29865.0,No Band,297.22,False,Leading,-1.68,1.99,
151,TORNTPHARM,F&O,False,Healthcare,2026-10-07,502,False,4,G+Sweep,,"Beating Nifty: 1M -4.9% vs -5.4%, 3M -3.8% vs -5.4%; Liquidity sweep: dipped 0.7% under ₹4712.90 and closed back above it; Next resistance ₹5010.00 (6.2% above entry)","No entry setup (no breakout, retest, pullback or candle at support)",,,0,,False,6.23,4716.2,-1.17,,,,,30,4712.9,5010.0,6.23,False,False,False,False,False,True,True,False,True,False,False,False,4712.9,,,,,,,,0.73,0.73,,-4.92,-3.78,1.58,5250.0,11.32,,,,,,,,,4755.5,No Band,163.38,False,Leading,-3.21,-0.28,
152,BPCL,F&O,False,Oil Gas & Consumable Fuels,2026-10-07,502,False,4,G+Sweep,,"Beating Nifty: 1M -2.5% vs -5.4%, 3M -4.3% vs -5.4%; Liquidity sweep: dipped 0.6% under ₹296.00 and closed back above it; Next resistance ₹298.50 (0.7% above entry)","No entry setup (no breakout, retest, pullback or candle at support); Room to next resistance only 0.7% (need 6%)",,,0,,False,7.37,296.35,-1.38,,,,,30,296.0,298.5,0.73,False,False,False,False,False,False,True,False,True,False,False,False,296.0,,,,,,,,1.45,1.45,,-2.47,-4.33,1.03,391.65,32.16,,,,,,,,,296.0,No Band,134.19,False,Leading,-1.92,-2.6,
153,BAJAJHFL,Midcap 150,True,Financial Services,2026-10-07,502,False,4,E+G+Vol,Candle at support,"Bullish engulfing at support; Beating Nifty: 1M +0.1% vs -5.4%, 3M -4.5% vs -5.4%; Volume 1.6× normal on the latest session; Next resistance ₹85.76 (2.7% above entry)",Room to next resistance only 2.7% (need 6%),Low volume,Thin liquidity: Rs 26 cr/day avg,1,Above buy zone by 0.7%: wait for a dip into the zone,False,2.82,84.08,2.09,81.06,83.49,86.0,88.5,30,81.06,85.76,2.72,False,False,False,False,True,False,True,True,False,False,False,False,,,,,,,,,1.56,1.56,Bullish engulfing,0.08,-4.53,0.83,112.4,33.68,,,,,,,,,81.06,10,25.73,False,Improving,-4.95,-6.54,
154,EXIDEIND,Midcap 150,True,Automobile and Auto Components,2026-10-07,502,False,4,G+Sweep,,"Beating Nifty: 1M -3.6% vs -5.4%, 3M -5.1% vs -5.4%; Liquidity sweep: dipped 0.4% under ₹402.80 and closed back above it; Next resistance ₹409.80 (1.7% above entry)","No entry setup (no breakout, retest, pullback or candle at support); Room to next resistance only 1.7% (need 6%)",,,0,,False,10.36,402.95,-0.69,,,,,30,402.8,409.8,1.7,False,False,False,False,False,False,True,False,True,False,False,False,402.8,,,,,,,,0.63,0.63,,-3.64,-5.05,0.3,496.4,23.19,,,,,,,,,405.1,20,78.7,False,Weakening,-7.53,-4.3,
155,NUVAMA,Cash (non-F&O),False,Financial Services,2026-10-07,501,False,4,B+Vol,Breakout,"Broke out of a 15-day base (₹1605.10–₹1746.50, 8.8% range) on 05 Oct on 14.3× normal volume; Next resistance ₹1903.90 (1.6% above entry)",Room to next resistance only 1.6% (need 6%),,,0,,False,3.32,1825.9,-0.7,1855.0,1873.55,1929.76,1985.96,30,1746.5,1903.9,1.62,False,True,False,False,False,False,False,True,False,False,False,False,,,,,,,,,0.49,14.27,,-0.35,-5.62,-0.26,2066.0,13.15,15.0,1746.5,1605.1,8.81,2026-10-05,,,,1605.1,20,86.57,False,Improving,-4.95,-6.54,
156,VBL,F&O,False,Fast Moving Consumer Goods,2026-10-07,502,False,4,B+E,Breakout,"Broke out of a 20-day base (₹396.20–₹438.60, 10.7% range) on 05 Oct on 0.8× normal volume; Bullish engulfing at support; Next resistance ₹450.50 (0.4% above entry)",Room to next resistance only 0.4% (need 6%),,,0,,False,0.75,440.75,0.33,444.05,448.49,461.95,475.4,30,438.6,450.5,0.45,False,True,False,False,True,False,False,False,False,False,False,False,,,,,,,,,0.65,0.84,Bullish engulfing,8.64,-7.81,-2.46,555.8,26.1,20.0,438.6,396.2,10.7,2026-10-05,,,,396.2,No Band,218.66,False,Improving,-0.31,-9.53,
157,ADANIGREEN,F&O,False,Power,2026-10-07,502,False,4,B+Vol,Breakout,"Broke out of a 20-day base (₹1223.60–₹1339.70, 9.5% range) on 07 Oct on 4.4× normal volume; Next resistance ₹1427.00 (2.5% above entry)",Room to next resistance only 2.5% (need 6%),,,0,,False,2.71,1341.4,2.16,1377.8,1391.58,1433.33,1475.07,30,1339.7,1427.0,2.55,False,True,False,False,False,False,False,True,False,False,False,False,,,,,,,,,4.36,4.36,,3.82,-12.7,-7.35,1631.5,21.63,20.0,1339.7,1223.6,9.49,2026-10-07,,,,1223.6,No Band,216.4,False,Improving,-4.48,-10.61,
158,RVNL,F&O,True,Construction,2026-10-07,502,False,4,Sweep+OB,,Liquidity sweep: dipped 0.3% under ₹195.15 and closed back above it; Back at a demand zone (order block) ₹195.15–₹200.19 from 16 Sep and holding; Next resistance ₹214.29 (9.4% above entry),"No entry setup (no breakout, retest, pullback or candle at support)",,,0,,False,9.4,195.87,-1.46,,,,,30,195.15,214.29,9.4,False,False,False,False,False,True,False,False,True,True,False,False,195.15,195.15,200.19,2026-09-16,,,,,0.61,0.61,,-5.6,-15.82,-10.46,400.7,104.57,,,,,,,,,195.15,No Band,93.68,False,Lagging,-5.97,-13.62,
159,AEQUS,Cash (non-F&O),False,Capital Goods,2026-10-07,209,False,3,E+G,Candle at support,"Bullish engulfing at support; Beating Nifty: 1M +24.3% vs -5.4%, 3M +15.8% vs -5.4%; Next resistance ₹294.70 (4.3% above entry)",Room to next resistance only 4.3% (need 6%),ASM,On NSE ASM list (surveillance; higher margin / trade restrictions possible),1,Above buy zone by 2.0%: wait for a dip into the zone,False,2.27,288.15,0.72,274.39,282.62,291.1,299.58,30,274.39,294.7,4.27,False,False,False,False,True,False,True,False,False,False,False,False,,,,,,,,,0.99,0.99,Bullish engulfing,24.26,15.83,21.18,294.7,2.27,,,,,,,,,213.41,20,130.0,False,Leading,-1.68,1.99,
160,SHYAMMETL,Cash (non-F&O),False,Capital Goods,2026-10-07,502,False,3,E+G,Candle at support,"Hammer at support; Beating Nifty: 1M -1.3% vs -5.4%, 3M +9.5% vs -5.4%; Next resistance ₹1090.00 (3.9% above entry)",Room to next resistance only 3.9% (need 6%),,,0,Above buy zone by 1.7%: wait for a dip into the zone,False,7.56,1067.3,1.26,1019.0,1049.57,1081.06,1112.54,30,1019.0,1090.0,3.85,False,False,False,False,True,False,True,False,False,False,False,False,,,,,,,,,0.98,0.98,Hammer,-1.35,9.46,14.81,1148.0,7.56,,,,,,,,,1019.0,20,58.76,False,Leading,-1.68,1.99,
161,NYKAA,F&O,True,Consumer Services,2026-10-07,502,False,3,E+G,Candle at support,"Bullish engulfing at support; Beating Nifty: 1M +0.1% vs -5.4%, 3M +3.4% vs -5.4%; Next resistance ₹346.15 (0.3% above entry)",Room to next resistance only 0.3% (need 6%),,,0,In buy zone,False,1.52,341.25,0.9,335.0,345.05,355.4,365.75,30,335.0,346.15,0.32,False,False,False,False,True,False,True,False,False,False,False,False,,,,,,,,,1.41,1.41,Bullish engulfing,0.07,3.38,8.73,349.55,2.43,,,,,,,,,322.7,No Band,147.4,False,Leading,-2.07,0.96,
162,HSCL,Cash (non-F&O),False,Chemicals,2026-10-07,502,False,3,E+G,Candle at support,"Inside-day breakout at support; Beating Nifty: 1M +0.3% vs -5.4%, 3M +1.9% vs -5.4%; Next resistance ₹687.00 (1.9% above entry)",Room to next resistance only 1.9% (need 6%),,,0,In buy zone,False,2.95,672.95,0.66,654.45,674.08,694.31,714.53,30,654.45,687.0,1.92,False,False,False,False,True,False,True,False,False,False,False,False,,,,,,,,,0.73,0.73,Inside-day breakout,0.34,1.89,7.25,819.5,21.78,,,,,,,,,632.5,20,124.99,False,Improving,-3.07,-7.5,
163,LIQUIDBEES,Cash (non-F&O),False,Unknown,2026-10-07,500,False,3,E+G,Candle at support,"Hammer at support; Beating Nifty: 1M +0.0% vs -5.4%, 3M +0.0% vs -5.4%; Next resistance ₹1029.99 (0.5% above entry)",Room to next resistance only 0.5% (need 6%),5% band,5% price band (daily move capped at 5%),1,In buy zone,False,0.1,1000.0,0.0,994.99,1024.84,1055.58,1086.33,30,994.99,1029.99,0.5,False,False,False,False,True,False,True,False,False,False,False,False,,,,,,,,,1.48,1.48,Hammer,0.0,0.0,5.36,1029.99,3.0,,,,,,,,,994.99,5,367.51,False,No data,,,
164,CGCL,Cash (non-F&O),False,Financial Services,2026-10-07,501,False,3,E+OB,Candle at support,Bullish engulfing at support; Back at a demand zone (order block) ₹242.30–₹258.00 from 01 Sep and holding; Next resistance ₹258.90 (1.1% above entry),Room to next resistance only 1.1% (need 6%),,,0,In buy zone,False,10.31,250.74,1.56,248.65,256.11,263.79,271.48,30,248.65,258.9,1.09,False,False,False,False,True,False,False,False,False,True,False,False,,242.3,258.0,2026-09-01,,,,,0.58,0.58,Bullish engulfing,-9.05,-0.75,4.6,287.45,14.64,,,,,,,,,248.65,20,75.45,False,Improving,-4.95,-6.54,
165,BERGEPAINT,Midcap 150,True,Consumer Durables,2026-10-07,501,False,3,B,Breakout,"Broke out of a 15-day base (₹441.10–₹463.00, 5.0% range) on 06 Oct on 0.9× normal volume; Next resistance ₹484.95 (1.7% above entry)",Room to next resistance only 1.7% (need 6%),Low volume,Thin liquidity: Rs 19 cr/day avg,1,,False,4.31,463.9,-1.83,471.9,476.62,490.92,505.22,30,463.0,484.95,1.75,False,True,False,False,False,False,False,False,False,False,False,False,,,,,,,,,0.46,0.93,,-4.25,-6.66,-1.3,594.55,28.16,15.0,463.0,441.1,4.96,2026-10-06,,,,441.1,20,18.82,False,Leading,-4.41,-2.96,
166,BSE,F&O,False,Financial Services,2026-10-07,502,False,3,B,Breakout,"Broke out of a 15-day base (₹3000.00–₹3317.00, 10.6% range) on 07 Oct on 1.2× normal volume; Next resistance ₹3452.70 (1.4% above entry)",Room to next resistance only 1.4% (need 6%),,,0,,False,2.88,3356.0,1.54,3372.6,3406.33,3508.52,3610.71,30,3317.0,3452.7,1.36,False,True,False,False,False,False,False,False,False,False,False,False,,,,,,,,,1.25,1.25,,-1.12,-11.95,-6.6,4446.8,32.5,15.0,3317.0,3000.0,10.57,2026-10-07,,,,3193.2,No Band,1734.55,False,Improving,-4.95,-6.54,
167,MARINE,Cash (non-F&O),False,Unknown,2026-10-07,502,False,2,G,,"Beating Nifty: 1M +14.4% vs -5.4%, 3M +84.2% vs -5.4%; Next resistance ₹490.85 (3.0% above entry)","No entry setup (no breakout, retest, pullback or candle at support); Room to next resistance only 3.0% (need 6%)",,,0,,False,3.03,476.4,-0.51,,,,,30,450.0,490.85,3.03,False,False,False,False,False,False,True,False,False,False,False,False,,,,,,,,,0.62,0.62,,14.4,84.15,89.51,490.85,3.03,,,,,,,,,352.65,20,99.3,False,No data,,,
168,CUPID,Cash (non-F&O),False,Fast Moving Consumer Goods,2026-10-07,502,False,2,G,,"Beating Nifty: 1M +25.2% vs -5.4%, 3M +62.1% vs -5.4%; Next resistance ₹345.00 (0.3% above entry)","No entry setup (no breakout, retest, pullback or candle at support); Room to next resistance only 0.3% (need 6%)",ASM,On NSE ASM list (surveillance; higher margin / trade restrictions possible),1,,False,0.31,343.95,6.09,,,,,30,299.0,345.0,0.31,False,False,False,False,False,False,True,False,False,False,False,False,,,,,,,,,1.75,1.75,,25.16,62.06,67.41,345.0,0.31,,,,,,,,,246.0,20,701.58,False,Improving,-0.31,-9.53,
169,FCL,Cash (non-F&O),False,Unknown,2026-10-07,502,False,2,G,,"Beating Nifty: 1M -1.1% vs -5.4%, 3M +56.3% vs -5.4%; Next resistance ₹61.40 (6.2% above entry)","No entry setup (no breakout, retest, pullback or candle at support)",,,0,,False,6.8,57.8,-2.36,,,,,30,49.34,61.4,6.23,False,False,False,False,False,True,True,False,False,False,False,False,,,,,,,,,1.2,1.2,,-1.1,56.26,61.61,62.4,7.96,,,,,,,,,49.34,10,129.57,False,No data,,,
170,WHEELS,Cash (non-F&O),False,Unknown,2026-10-07,502,False,2,G,,"Beating Nifty: 1M +8.4% vs -5.4%, 3M +50.9% vs -5.4%; Next resistance ₹2394.00 (4.8% above entry)","No entry setup (no breakout, retest, pullback or candle at support); Room to next resistance only 4.8% (need 6%)",ASM,On NSE ASM list (surveillance; higher margin / trade restrictions possible),1,,False,9.37,2283.9,-0.22,,,,,30,2031.9,2394.0,4.82,False,False,False,False,False,False,True,False,False,False,False,False,,,,,,,,,0.09,0.09,,8.43,50.94,56.3,2498.0,9.37,,,,,,,,,2031.9,10,76.22,False,No data,,,
171,BLUESTONE,Cash (non-F&O),False,Consumer Durables,2026-10-07,284,False,2,G,,"Beating Nifty: 1M -4.5% vs -5.4%, 3M +45.4% vs -5.4%; Next resistance ₹869.50 (4.6% above entry)","No entry setup (no breakout, retest, pullback or candle at support); Room to next resistance only 4.6% (need 6%)",ASM,On NSE ASM list (surveillance; higher margin / trade restrictions possible),1,,False,16.7,831.1,2.12,,,,,30,793.0,869.5,4.62,False,False,False,False,False,False,True,False,False,False,False,False,,,,,,,,,0.4,0.4,,-4.47,45.36,50.72,969.9,16.7,,,,,,,,,740.35,20,148.36,False,Leading,-4.41,-2.96,
172,GRAPHITE,Cash (non-F&O),False,Capital Goods,2026-10-07,502,False,2,G,,"Beating Nifty: 1M +13.6% vs -5.4%, 3M +36.1% vs -5.4%; Next resistance ₹853.20 (2.3% above entry)","No entry setup (no breakout, retest, pullback or candle at support); Room to next resistance only 2.3% (need 6%)",,,0,,False,4.18,834.05,-2.01,,,,,30,802.4,853.2,2.3,False,False,False,False,False,False,True,False,False,False,False,False,,,,,,,,,0.17,0.17,,13.59,36.15,41.5,874.35,4.83,,,,,,,,,774.6,20,177.8,False,Leading,-1.68,1.99,
173,CYIENT,Cash (non-F&O),False,Information Technology,2026-10-07,501,False,2,G,,"Beating Nifty: 1M +0.9% vs -5.4%, 3M +34.2% vs -5.4%; Next resistance ₹1169.00 (4.8% above entry)","No entry setup (no breakout, retest, pullback or candle at support); Room to next resistance only 4.8% (need 6%)",,,0,,False,5.25,1115.0,-0.39,,,,,30,1107.2,1169.0,4.84,False,False,False,False,False,False,True,False,False,False,False,False,,,,,,,,,0.48,0.48,,0.87,34.23,39.59,1222.0,9.6,,,,,,,,,1030.3,20,59.36,False,Weakening,-6.55,-1.42,
174,SUNTV,Cash (non-F&O),False,Media Entertainment & Publication,2026-10-07,501,False,2,G,,"Beating Nifty: 1M +40.6% vs -5.4%, 3M +27.5% vs -5.4%; Next resistance ₹649.35 (2.0% above entry)","No entry setup (no breakout, retest, pullback or candle at support); Room to next resistance only 2.0% (need 6%)",,,0,,False,4.3,636.5,0.7,,,,,30,620.6,649.35,2.02,False,False,False,False,False,False,True,False,False,False,False,False,,,,,,,,,0.34,0.34,,40.55,27.49,32.85,663.9,4.3,,,,,,,,,447.2,20,196.08,False,Leading,2.2,24.57,
175,DELTACORP,Cash (non-F&O),False,Unknown,2026-10-07,502,False,2,G,,"Beating Nifty: 1M +48.6% vs -5.4%, 3M +26.7% vs -5.4%; Next resistance ₹83.48 (1.3% above entry)","No entry setup (no breakout, retest, pullback or candle at support); Room to next resistance only 1.3% (need 6%)",ASM,On NSE ASM list (surveillance; higher margin / trade restrictions possible),1,,False,7.56,82.37,-2.34,,,,,30,81.35,83.48,1.35,False,False,False,False,False,False,True,False,False,False,False,False,,,,,,,,,0.67,0.67,,48.58,26.74,32.1,88.6,7.56,,,,,,,,,51.66,20,163.81,False,No data,,,
176,URBANCO,Cash (non-F&O),False,Consumer Services,2026-10-07,266,False,2,G,,"Beating Nifty: 1M -2.1% vs -5.4%, 3M +26.7% vs -5.4%; Next resistance ₹177.77 (5.7% above entry)","No entry setup (no breakout, retest, pullback or candle at support); Room to next resistance only 5.7% (need 6%)",,,0,,False,5.67,168.23,-3.06,,,,,30,159.4,177.77,5.67,False,False,False,False,False,False,True,False,False,False,False,False,,,,,,,,,1.09,1.09,,-2.06,26.73,32.08,183.97,9.36,,,,,,,,,153.3,20,94.68,False,Leading,-2.07,0.96,
177,OMNI,Cash (non-F&O),False,Capital Goods,2026-10-07,151,False,2,G,,"Beating Nifty: 1M +25.0% vs -5.4%, 3M +25.7% vs -5.4%; Next resistance ₹764.85 (16.3% above entry)","No entry setup (no breakout, retest, pullback or candle at support)",,,0,,False,4.74,657.55,0.09,,,,,30,615.0,764.85,16.32,False,False,False,False,False,True,True,False,False,False,False,False,,,,,,,,,0.92,0.92,,25.03,25.67,31.02,764.85,16.32,,,,,,,,,519.05,20,60.64,False,Leading,-1.68,1.99,
178,LENSKART,Midcap 150,True,Consumer Services,2026-10-07,231,False,2,G,,"Beating Nifty: 1M -2.1% vs -5.4%, 3M +25.3% vs -5.4%; Next resistance ₹698.10 (2.5% above entry)","No entry setup (no breakout, retest, pullback or candle at support); Room to next resistance only 2.5% (need 6%)",,,0,,False,6.41,681.3,-0.52,,,,,30,648.3,698.1,2.47,False,False,False,False,False,False,True,False,False,False,False,False,,,,,,,,,0.24,0.24,,-2.08,25.32,30.68,725.0,6.41,,,,,,,,,648.3,20,504.52,False,Leading,-2.07,0.96,
179,GNFC,Cash (non-F&O),False,Chemicals,2026-10-07,502,False,2,G,,"Beating Nifty: 1M +4.9% vs -5.4%, 3M +23.0% vs -5.4%; Next resistance ₹619.00 (0.1% above entry)","No entry setup (no breakout, retest, pullback or candle at support); Room to next resistance only 0.1% (need 6%)",,,0,,False,2.88,618.2,-1.8,,,,,30,616.0,619.0,0.13,False,False,False,False,False,False,True,False,False,False,False,False,,,,,,,,,0.37,0.37,,4.94,23.04,28.39,636.0,2.88,,,,,,,,,528.8,20,73.11,False,Improving,-3.07,-7.5,
180,PINELABS,Cash (non-F&O),False,Financial Services,2026-10-07,227,False,2,G,,"Beating Nifty: 1M +4.8% vs -5.4%, 3M +22.3% vs -5.4%; Next resistance ₹204.95 (15.4% above entry)","No entry setup (no breakout, retest, pullback or candle at support)",,,0,,False,16.16,177.67,2.86,,,,,30,173.1,204.95,15.35,False,False,False,False,False,True,True,False,False,False,False,False,,,,,,,,,0.9,0.9,,4.79,22.3,27.66,284.0,59.85,,,,,,,,,155.1,20,863.99,False,Improving,-4.95,-6.54,
181,SONACOMS,F&O,False,Automobile and Auto Components,2026-10-07,502,False,2,G,,"Beating Nifty: 1M +0.8% vs -5.4%, 3M +21.2% vs -5.4%; Next resistance ₹813.15 (0.3% above entry)","No entry setup (no breakout, retest, pullback or candle at support); Room to next resistance only 0.3% (need 6%)",,,0,,False,3.27,810.5,-1.16,,,,,30,759.05,813.15,0.33,False,False,False,False,False,False,True,False,False,False,False,False,,,,,,,,,0.79,0.79,,0.81,21.23,26.59,844.0,4.13,,,,,,,,,759.05,No Band,185.85,False,Weakening,-7.53,-4.3,
182,ARTEMISMED,Cash (non-F&O),False,Unknown,2026-10-07,494,False,2,G,,"Beating Nifty: 1M -4.4% vs -5.4%, 3M +20.8% vs -5.4%; Next resistance ₹325.90 (2.4% above entry)","No entry setup (no breakout, retest, pullback or candle at support); Room to next resistance only 2.4% (need 6%)",,,0,,False,19.01,318.3,-0.02,,,,,30,306.6,325.9,2.39,False,False,False,False,False,False,True,False,False,False,False,False,,,,,,,,,0.17,0.17,,-4.36,20.8,26.15,378.8,19.01,,,,,,,,,306.6,20,51.81,False,No data,,,
183,APLAPOLLO,F&O,True,Capital Goods,2026-10-07,501,False,2,G,,"Beating Nifty: 1M -3.6% vs -5.4%, 3M +19.5% vs -5.4%; Next resistance ₹2173.00 (1.8% above entry)","No entry setup (no breakout, retest, pullback or candle at support); Room to next resistance only 1.8% (need 6%)",,,0,,False,6.33,2135.0,-0.79,,,,,30,2041.3,2173.0,1.78,False,False,False,False,False,False,True,False,False,False,False,False,,,,,,,,,1.08,1.08,,-3.61,19.55,24.9,2301.4,7.79,,,,,,,,,2041.3,No Band,120.21,False,Leading,-1.68,1.99,
184,ANTHEM,Midcap 150,True,Healthcare,2026-10-07,306,False,2,OB,,Back at a demand zone (order block) ₹813.00–₹837.00 from 06 Aug and holding; Next resistance ₹904.00 (1.9% above entry),"No entry setup (no breakout, retest, pullback or candle at support); Room to next resistance only 1.9% (need 6%)",,,0,,False,8.45,887.05,-0.37,,,,,30,825.65,904.0,1.91,False,False,False,False,False,False,False,False,False,True,False,False,,813.0,837.0,2026-08-06,,,,,0.21,0.21,,-7.39,17.54,22.89,977.55,10.2,,,,,,,,,732.0,20,66.1,False,Leading,-3.21,-0.28,
185,FLUOROCHEM,Midcap 150,True,Chemicals,2026-10-07,502,False,2,G,,"Beating Nifty: 1M -2.6% vs -5.4%, 3M +15.6% vs -5.4%; Next resistance ₹4653.20 (2.1% above entry)","No entry setup (no breakout, retest, pullback or candle at support); Room to next resistance only 2.1% (need 6%)",Low volume,Thin liquidity: Rs 46 cr/day avg,1,,False,7.29,4555.9,-0.47,,,,,30,4461.1,4653.2,2.14,False,False,False,False,False,False,True,False,False,False,False,False,,,,,,,,,1.25,1.25,,-2.58,15.59,20.94,4958.9,8.85,,,,,,,,,4461.1,20,46.25,False,Improving,-3.07,-7.5,
186,ETERNAL,F&O,False,Consumer Services,2026-10-07,502,False,2,G,,"Beating Nifty: 1M +2.0% vs -5.4%, 3M +13.2% vs -5.4%; Next resistance ₹332.95 (1.5% above entry)","No entry setup (no breakout, retest, pullback or candle at support); Room to next resistance only 1.5% (need 6%)",,,0,,False,5.0,328.0,-0.3,,,,,30,319.7,332.95,1.51,False,False,False,False,False,False,True,False,False,False,False,False,,,,,,,,,1.2,1.2,,1.99,13.24,18.6,368.45,12.33,,,,,,,,,310.8,No Band,651.61,False,Leading,-2.07,0.96,
187,CPPLUS,Cash (non-F&O),False,Capital Goods,2026-10-07,295,False,2,G,,"Beating Nifty: 1M +6.2% vs -5.4%, 3M +11.0% vs -5.4%; Next resistance ₹4094.00 (0.7% above entry)","No entry setup (no breakout, retest, pullback or candle at support); Room to next resistance only 0.7% (need 6%)",5% band,5% price band (daily move capped at 5%),1,,False,3.05,4064.9,2.24,,,,,30,3900.0,4094.0,0.72,False,False,False,False,False,False,True,False,False,False,False,False,,,,,,,,,0.8,0.8,,6.17,10.99,16.35,4188.9,3.05,,,,,,,,,3321.0,5,96.15,False,Leading,-1.68,1.99,
188,NEULANDLAB,Cash (non-F&O),False,Healthcare,2026-10-07,501,False,2,G,,"Beating Nifty: 1M -5.3% vs -5.4%, 3M +10.8% vs -5.4%; Next resistance ₹23876.00 (10.3% above entry)","No entry setup (no breakout, retest, pullback or candle at support)",,,0,,False,11.87,21655.0,-1.14,,,,,30,20089.0,23876.0,10.26,False,False,False,False,False,True,True,False,False,False,False,False,,,,,,,,,0.81,0.81,,-5.31,10.81,16.17,24225.0,11.87,,,,,,,,,21855.0,20,109.05,False,Leading,-3.21,-0.28,
189,PFOCUS,Cash (non-F&O),False,Media Entertainment & Publication,2026-10-07,501,False,2,A,,Uptrend: higher highs and higher lows; Next resistance ₹288.80 (1.7% above entry),"Fell 27.7% from its 20-day high (more than 15%: a fall, not a dip); Room to next resistance only 1.7% (need 6%)",,,0,,True,27.75,284.0,-2.97,,,,,30,277.5,288.8,1.69,True,False,False,False,False,False,False,False,False,False,False,False,,,,,,,,,2.46,2.46,,-9.31,10.64,15.99,367.0,29.23,,,,,,,,,277.5,20,115.77,False,Leading,2.2,24.57,
190,BEML,Cash (non-F&O),False,Capital Goods,2026-10-07,501,False,2,G,,"Beating Nifty: 1M -4.3% vs -5.4%, 3M +10.5% vs -5.4%; Next resistance ₹2037.10 (1.5% above entry)","No entry setup (no breakout, retest, pullback or candle at support); Room to next resistance only 1.5% (need 6%)",,,0,,False,7.42,2006.2,-1.76,,,,,30,1984.0,2037.1,1.54,False,False,False,False,False,False,True,False,False,False,False,False,,,,,,,,,0.41,0.41,,-4.34,10.47,15.82,2275.75,13.44,,,,,,,,,1861.5,20,59.69,False,Leading,-1.68,1.99,
191,RADICO,F&O,True,Fast Moving Consumer Goods,2026-10-07,501,False,2,G,,"Beating Nifty: 1M +0.2% vs -5.4%, 3M +10.3% vs -5.4%; Next resistance ₹4590.30 (2.1% above entry)","No entry setup (no breakout, retest, pullback or candle at support); Room to next resistance only 2.1% (need 6%)",,,0,,False,2.65,4495.0,0.78,,,,,30,4298.8,4590.3,2.12,False,False,False,False,False,False,True,False,False,False,False,False,,,,,,,,,1.74,1.74,,0.22,10.34,15.7,4747.0,5.61,,,,,,,,,4298.8,No Band,122.77,False,Improving,-0.31,-9.53,
192,IPCALAB,Midcap 150,True,Healthcare,2026-10-07,501,False,2,G,,"Beating Nifty: 1M -1.5% vs -5.4%, 3M +8.4% vs -5.4%; Next resistance ₹1944.90 (0.3% above entry)","No entry setup (no breakout, retest, pullback or candle at support); Room to next resistance only 0.3% (need 6%)",Low volume,Thin liquidity: Rs 47 cr/day avg,1,,False,5.13,1938.5,-0.36,,,,,30,1905.0,1944.9,0.33,False,False,False,False,False,False,True,False,False,False,False,False,,,,,,,,,0.57,0.57,,-1.46,8.42,13.78,2038.0,5.13,,,,,,,,,1905.0,20,46.55,False,Leading,-3.21,-0.28,
193,SUPREMEIND,F&O,True,Capital Goods,2026-10-07,502,False,2,G,,"Beating Nifty: 1M -0.1% vs -5.4%, 3M +6.9% vs -5.4%; Next resistance ₹3568.00 (0.5% above entry)","No entry setup (no breakout, retest, pullback or candle at support); Room to next resistance only 0.5% (need 6%)",,,0,,False,2.3,3550.0,1.49,,,,,30,3538.1,3568.0,0.51,False,False,False,False,False,False,True,False,False,False,False,False,,,,,,,,,2.97,2.97,,-0.08,6.94,12.3,4282.4,20.63,,,,,,,,,3270.0,No Band,49.68,False,Leading,-1.68,1.99,
194,AIIL,Midcap 150,True,Financial Services,2026-10-07,502,False,2,G,,"Beating Nifty: 1M +4.5% vs -5.4%, 3M +6.9% vs -5.4%; Next resistance ₹572.00 (4.1% above entry)","No entry setup (no breakout, retest, pullback or candle at support); Room to next resistance only 4.1% (need 6%)",Low volume,Thin liquidity: Rs 25 cr/day avg,1,,False,4.07,549.65,-0.09,,,,,30,545.1,572.0,4.07,False,False,False,False,False,False,True,False,False,False,False,False,,,,,,,,,0.18,0.18,,4.46,6.94,12.29,683.0,24.26,,,,,,,,,503.0,20,25.21,False,Improving,-4.95,-6.54,
195,CELLO,Cash (non-F&O),False,Consumer Durables,2026-10-07,500,False,2,G,,"Beating Nifty: 1M +13.6% vs -5.4%, 3M +6.0% vs -5.4%; Next resistance ₹399.85 (2.4% above entry)","No entry setup (no breakout, retest, pullback or candle at support); Room to next resistance only 2.4% (need 6%)",,,0,,False,1.88,390.65,5.82,,,,,30,383.9,399.85,2.36,False,False,False,False,False,False,True,False,False,False,False,False,,,,,,,,,7.82,7.82,,13.58,5.97,11.32,673.8,72.48,,,,,,,,,314.6,20,68.91,False,Leading,-4.41,-2.96,
196,RAIN,Cash (non-F&O),False,Chemicals,2026-10-07,502,False,2,G,,"Beating Nifty: 1M +0.5% vs -5.4%, 3M +5.7% vs -5.4%; Next resistance ₹224.70 (2.6% above entry)","No entry setup (no breakout, retest, pullback or candle at support); Room to next resistance only 2.6% (need 6%)",,,0,,False,2.75,218.95,2.97,,,,,30,218.9,224.7,2.63,False,False,False,False,False,False,True,False,False,False,False,False,,,,,,,,,1.26,1.26,,0.52,5.75,11.1,252.0,15.09,,,,,,,,,191.04,20,67.23,False,Improving,-3.07,-7.5,
197,ANANTRAJ,Cash (non-F&O),False,Realty,2026-10-07,502,False,2,G,,"Beating Nifty: 1M -2.2% vs -5.4%, 3M +4.5% vs -5.4%; Next resistance ₹627.75 (2.5% above entry)","No entry setup (no breakout, retest, pullback or candle at support); Room to next resistance only 2.5% (need 6%)",,,0,,False,3.9,612.15,0.53,,,,,30,608.4,627.75,2.55,False,False,False,False,False,False,True,False,False,False,False,False,,,,,,,,,1.4,1.4,,-2.19,4.49,9.84,720.0,17.62,,,,,,,,,576.85,20,87.62,False,Improving,-4.44,-8.22,
198,GOLDIETF,Cash (non-F&O),False,Unknown,2026-10-07,494,False,2,G,,"Beating Nifty: 1M -4.8% vs -5.4%, 3M +3.5% vs -5.4%; Next resistance ₹127.89 (2.0% above entry)","No entry setup (no breakout, retest, pullback or candle at support); Room to next resistance only 2.0% (need 6%)",,,0,,False,4.93,125.44,-0.33,,,,,30,124.46,127.89,1.95,False,False,False,False,False,False,True,False,False,False,False,False,,,,,,,,,0.6,0.6,,-4.83,3.53,8.89,158.0,25.96,,,,,,,,,124.08,No Band,70.47,False,No data,,,
199,HDFCGOLD,Cash (non-F&O),False,Unknown,2026-10-07,494,False,2,G,,"Beating Nifty: 1M -4.8% vs -5.4%, 3M +3.5% vs -5.4%; Next resistance ₹125.74 (0.4% above entry)","No entry setup (no breakout, retest, pullback or candle at support); Room to next resistance only 0.4% (need 6%)",,,0,,False,4.75,125.19,-0.33,,,,,30,123.9,125.74,0.44,False,False,False,False,False,False,True,False,False,False,False,False,,,,,,,,,0.5,0.5,,-4.76,3.48,8.84,152.3,21.66,,,,,,,,,123.9,No Band,58.22,False,No data,,,
200,COHANCE,Cash (non-F&O),False,Healthcare,2026-10-07,501,False,2,G,,"Beating Nifty: 1M +1.3% vs -5.4%, 3M +3.5% vs -5.4%; Next resistance ₹473.70 (4.0% above entry)","No entry setup (no breakout, retest, pullback or candle at support); Room to next resistance only 4.0% (need 6%)",,,0,,False,5.88,455.45,-0.34,,,,,30,448.0,473.7,4.01,False,False,False,False,False,False,True,False,False,False,False,False,,,,,,,,,1.08,1.08,,1.31,3.48,8.83,917.85,101.53,,,,,,,,,416.2,20,53.53,False,Leading,-3.21,-0.28,
201,IDBI,Cash (non-F&O),False,Financial Services,2026-10-07,502,False,2,G,,"Beating Nifty: 1M +5.6% vs -5.4%, 3M +3.4% vs -5.4%; Next resistance ₹87.44 (2.1% above entry)","No entry setup (no breakout, retest, pullback or candle at support); Room to next resistance only 2.1% (need 6%)",,,0,,False,3.34,85.67,-1.54,,,,,30,79.9,87.44,2.07,False,False,False,False,False,False,True,False,False,False,False,False,,,,,,,,,0.23,0.23,,5.62,3.35,8.71,118.38,38.18,,,,,,,,,79.05,20,102.58,False,Improving,-4.95,-6.54,
202,JSL,Midcap 150,True,Metals & Mining,2026-10-07,501,False,2,G,,"Beating Nifty: 1M -0.6% vs -5.4%, 3M +3.2% vs -5.4%; Next resistance ₹744.95 (1.7% above entry)","No entry setup (no breakout, retest, pullback or candle at support); Room to next resistance only 1.7% (need 6%)",,,0,,False,8.45,732.15,-2.5,,,,,30,726.0,744.95,1.75,False,False,False,False,False,False,True,False,False,False,False,False,,,,,,,,,0.44,0.44,,-0.63,3.18,8.53,884.0,20.74,,,,,,,,,726.0,20,94.73,False,Weakening,-7.11,-4.09,
203,PARAS,Cash (non-F&O),False,Capital Goods,2026-10-07,502,False,2,OB,,Back at a demand zone (order block) ₹1263.50–₹1308.80 from 12 Aug and holding; Next resistance ₹1415.00 (10.0% above entry),"No entry setup (no breakout, retest, pullback or candle at support)",,,0,,False,16.55,1286.1,-2.81,,,,,30,1252.0,1415.0,10.02,False,False,False,False,False,True,False,False,False,True,False,False,,1263.5,1308.8,2026-08-12,,,,,0.82,0.82,,-14.49,2.63,7.99,1585.0,23.24,,,,,,,,,1252.0,10,87.61,False,Leading,-1.68,1.99,
204,TECHM,F&O,False,Information Technology,2026-10-07,502,False,2,G,,"Beating Nifty: 1M -4.4% vs -5.4%, 3M +2.5% vs -5.4%; Next resistance ₹1506.80 (1.1% above entry)","No entry setup (no breakout, retest, pullback or candle at support); Room to next resistance only 1.1% (need 6%)",,,0,,False,9.53,1491.1,-0.89,,,,,30,1487.5,1506.8,1.05,False,False,False,False,False,False,True,False,False,False,False,False,,,,,,,,,0.7,0.7,,-4.36,2.5,7.85,1854.0,24.34,,,,,,,,,1498.0,No Band,274.47,False,Weakening,-6.55,-1.42,
205,LLOYDSME,Midcap 150,True,Metals & Mining,2026-10-07,502,False,2,G,,"Beating Nifty: 1M +2.5% vs -5.4%, 3M +2.5% vs -5.4%; Next resistance ₹1848.00 (0.2% above entry)","No entry setup (no breakout, retest, pullback or candle at support); Room to next resistance only 0.2% (need 6%)",,,0,,False,4.03,1844.5,-0.74,,,,,30,1790.0,1848.0,0.19,False,False,False,False,False,False,True,False,False,False,False,False,,,,,,,,,0.65,0.65,,2.51,2.5,7.85,2125.0,15.21,,,,,,,,,1741.0,20,70.87,False,Weakening,-7.11,-4.09,
206,ABB,F&O,False,Capital Goods,2026-10-07,502,False,2,G,,"Beating Nifty: 1M -5.2% vs -5.4%, 3M +2.5% vs -5.4%; Next resistance ₹7107.00 (1.5% above entry)","No entry setup (no breakout, retest, pullback or candle at support); Room to next resistance only 1.5% (need 6%)",,,0,,False,5.9,7005.0,-1.65,,,,,30,6660.5,7107.0,1.46,False,False,False,False,False,False,True,False,False,False,False,False,,,,,,,,,0.77,0.77,,-5.17,2.47,7.83,7924.5,13.13,,,,,,,,,6660.5,No Band,115.8,False,Leading,-1.68,1.99,
207,TATAGOLD,Cash (non-F&O),False,Unknown,2026-10-07,500,False,2,G,,"Beating Nifty: 1M -3.6% vs -5.4%, 3M +2.3% vs -5.4%; Next resistance ₹14.30 (0.5% above entry)","No entry setup (no breakout, retest, pullback or candle at support); Room to next resistance only 0.5% (need 6%)",,,0,,False,4.85,14.23,-0.49,,,,,30,14.1,14.3,0.49,False,False,False,False,False,False,True,False,False,False,False,False,,,,,,,,,0.92,0.92,,-3.59,2.3,7.66,17.7,24.39,,,,,,,,,14.1,No Band,53.43,False,No data,,,
208,SETFGOLD,Cash (non-F&O),False,Unknown,2026-10-07,500,False,2,G,,"Beating Nifty: 1M -3.6% vs -5.4%, 3M +2.3% vs -5.4%; Next resistance ₹127.27 (1.9% above entry)","No entry setup (no breakout, retest, pullback or candle at support); Room to next resistance only 1.9% (need 6%)",,,0,,False,4.79,124.92,-0.39,,,,,30,123.95,127.27,1.88,False,False,False,False,False,False,True,False,False,False,False,False,,,,,,,,,0.89,0.89,,-3.58,2.3,7.66,153.95,23.24,,,,,,,,,123.57,No Band,59.67,False,No data,,,
209,TMCV,Cash (non-F&O),False,Capital Goods,2026-10-07,229,False,2,OB,,Back at a demand zone (order block) ₹410.15–₹423.35 from 29 Jul and holding; Next resistance ₹430.45 (0.6% above entry),"No entry setup (no breakout, retest, pullback or candle at support); Room to next resistance only 0.6% (need 6%)",,,0,,False,6.58,427.9,-1.36,,,,,30,426.65,430.45,0.6,False,False,False,False,False,False,False,False,False,True,False,False,,410.15,423.35,2026-07-29,,,,,0.91,0.91,,-6.17,1.28,6.63,509.0,18.95,,,,,,,,,416.0,20,260.27,False,Leading,-1.68,1.99,
210,LIQUIDADD,Cash (non-F&O),False,Unknown,2026-10-07,480,False,2,G,,"Beating Nifty: 1M +0.4% vs -5.4%, 3M +1.2% vs -5.4%; Next resistance ₹1151.22 (0.3% above entry)","No entry setup (no breakout, retest, pullback or candle at support); Room to next resistance only 0.3% (need 6%)",5% band,5% price band (daily move capped at 5%),1,,False,2.37,1148.02,0.03,,,,,30,1119.3,1151.22,0.28,False,False,False,False,False,False,True,False,False,False,False,False,,,,,,,,,0.66,0.66,,0.38,1.17,6.52,1175.19,2.37,,,,,,,,,,5,54.93,False,No data,,,
211,HONASA,Cash (non-F&O),False,Fast Moving Consumer Goods,2026-10-07,500,False,2,G,,"Beating Nifty: 1M +1.7% vs -5.4%, 3M +1.2% vs -5.4%; Next resistance ₹491.35 (3.0% above entry)","No entry setup (no breakout, retest, pullback or candle at support); Room to next resistance only 3.0% (need 6%)",,,0,,False,3.34,477.05,-0.26,,,,,30,449.35,491.35,3.0,False,False,False,False,False,False,True,False,False,False,False,False,,,,,,,,,0.52,0.52,,1.74,1.16,6.51,509.8,6.87,,,,,,,,,449.35,20,139.68,False,Improving,-0.31,-9.53,
212,SCI,Cash (non-F&O),False,Services,2026-10-07,502,False,2,G,,"Beating Nifty: 1M -1.2% vs -5.4%, 3M +0.2% vs -5.4%; Next resistance ₹286.90 (0.5% above entry)","No entry setup (no breakout, retest, pullback or candle at support); Room to next resistance only 0.5% (need 6%)",,,0,,False,2.96,285.35,-1.26,,,,,30,280.5,286.9,0.54,False,False,False,False,False,False,True,False,False,False,False,False,,,,,,,,,0.67,0.67,,-1.18,0.16,5.51,368.75,29.23,,,,,,,,,262.8,20,74.52,False,Leading,2.35,6.69,
213,LIQUIDIETF,Cash (non-F&O),False,Unknown,2026-10-07,494,False,2,G,,"Beating Nifty: 1M +0.0% vs -5.4%, 3M +0.0% vs -5.4%; Next resistance ₹1001.68 (0.2% above entry)","No entry setup (no breakout, retest, pullback or candle at support); Room to next resistance only 0.2% (need 6%)",5% band,5% price band (daily move capped at 5%),1,,False,0.01,999.99,0.0,,,,,30,994.95,1001.68,0.17,False,False,False,False,False,False,True,False,False,False,False,False,,,,,,,,,0.71,0.71,,0.0,0.0,5.36,1041.19,4.12,,,,,,,,,994.95,5,51.04,False,No data,,,
214,INDHOTEL,F&O,True,Consumer Services,2026-10-07,501,False,2,G,,"Beating Nifty: 1M +2.1% vs -5.4%, 3M -0.0% vs -5.4%; Next resistance ₹737.10 (0.8% above entry)","No entry setup (no breakout, retest, pullback or candle at support); Room to next resistance only 0.8% (need 6%)",,,0,,False,3.24,731.3,-0.64,,,,,30,713.9,737.1,0.79,False,False,False,False,False,False,True,False,False,False,False,False,,,,,,,,,1.01,1.01,,2.11,-0.02,5.33,757.4,3.57,,,,,,,,,704.6,No Band,236.36,False,Leading,-2.07,0.96,
215,UJJIVANSFB,F&O,False,Financial Services,2026-10-07,502,False,2,G,,"Beating Nifty: 1M +0.1% vs -5.4%, 3M -0.5% vs -5.4%; Next resistance ₹65.46 (0.8% above entry)","No entry setup (no breakout, retest, pullback or candle at support); Room to next resistance only 0.8% (need 6%)",,,0,,False,5.17,64.94,-0.38,,,,,30,64.17,65.46,0.8,False,False,False,False,False,False,True,False,False,False,False,False,,,,,,,,,1.38,1.38,,0.12,-0.51,4.85,73.94,13.86,,,,,,,,,61.25,No Band,73.67,False,Improving,-4.95,-6.54,
216,LTTS,Midcap 150,True,Information Technology,2026-10-07,502,False,2,G,,"Beating Nifty: 1M -4.0% vs -5.4%, 3M -0.8% vs -5.4%; Next resistance ₹3441.00 (5.8% above entry)","No entry setup (no breakout, retest, pullback or candle at support); Room to next resistance only 5.8% (need 6%)",Low volume,Thin liquidity: Rs 17 cr/day avg,1,,False,5.81,3252.1,0.19,,,,,30,3051.8,3441.0,5.81,False,False,False,False,False,False,True,False,False,False,False,False,,,,,,,,,0.87,0.87,,-4.04,-0.8,4.56,4726.0,45.32,,,,,,,,,3051.8,20,17.14,False,Weakening,-6.55,-1.42,
217,ANANDRATHI,F&O,False,Financial Services,2026-10-07,502,False,2,G,,"Beating Nifty: 1M -4.6% vs -5.4%, 3M -0.9% vs -5.4%; Next resistance ₹2176.20 (2.3% above entry)","No entry setup (no breakout, retest, pullback or candle at support); Room to next resistance only 2.3% (need 6%)",,,0,,False,6.64,2127.2,-0.69,,,,,30,2121.2,2176.2,2.3,False,False,False,False,False,False,True,False,False,False,False,False,,,,,,,,,0.79,0.79,,-4.59,-0.91,4.44,2268.4,6.64,,,,,,,,,2007.0,No Band,78.11,False,Improving,-4.95,-6.54,
218,JSWSTEEL,F&O,False,Metals & Mining,2026-10-07,502,False,2,G,,"Beating Nifty: 1M -5.2% vs -5.4%, 3M -1.2% vs -5.4%; Next resistance ₹1245.00 (1.2% above entry)","No entry setup (no breakout, retest, pullback or candle at support); Room to next resistance only 1.2% (need 6%)",,,0,,False,6.61,1230.0,-2.35,,,,,30,1227.0,1245.0,1.22,False,False,False,False,False,False,True,False,False,False,False,False,,,,,,,,,1.39,1.39,,-5.19,-1.24,4.12,1351.0,9.84,,,,,,,,,1227.0,No Band,168.12,False,Weakening,-7.11,-4.09,
219,MPHASIS,F&O,True,Information Technology,2026-10-07,502,False,2,G,,"Beating Nifty: 1M -2.8% vs -5.4%, 3M -1.4% vs -5.4%; Next resistance ₹2361.80 (3.2% above entry)","No entry setup (no breakout, retest, pullback or candle at support); Room to next resistance only 3.2% (need 6%)",,,0,,False,7.52,2289.0,-0.39,,,,,30,2144.8,2361.8,3.18,False,False,False,False,False,False,True,False,False,False,False,False,,,,,,,,,0.66,0.66,,-2.8,-1.42,3.94,2975.0,29.97,,,,,,,,,2144.8,No Band,96.16,False,Weakening,-6.55,-1.42,
220,SILVERBEES,Cash (non-F&O),False,Unknown,2026-10-07,500,False,2,G,,"Beating Nifty: 1M -5.0% vs -5.4%, 3M -1.8% vs -5.4%; Next resistance ₹214.87 (2.8% above entry)","No entry setup (no breakout, retest, pullback or candle at support); Room to next resistance only 2.8% (need 6%)",,,0,,False,8.31,209.02,-1.34,,,,,30,180.0,214.87,2.8,False,False,False,False,False,False,True,False,False,False,False,False,,,,,,,,,0.58,0.58,,-4.97,-1.85,3.51,360.0,72.23,,,,,,,,,213.83,No Band,342.27,False,No data,,,
221,HYUNDAI,F&O,False,Automobile and Auto Components,2026-10-07,491,False,2,Sweep,,Liquidity sweep: dipped 0.5% under ₹1944.00 and closed back above it; Next resistance ₹2004.60 (3.1% above entry),"No entry setup (no breakout, retest, pullback or candle at support); Room to next resistance only 3.1% (need 6%)",,,0,,False,14.76,1945.0,-2.21,,,,,30,1944.0,2004.6,3.06,False,False,False,False,False,False,False,False,True,False,False,False,1944.0,,,,,,,,0.81,0.81,,-12.39,-2.01,3.35,2549.5,31.08,,,,,,,,,2095.8,No Band,127.62,False,Weakening,-7.53,-4.3,
222,HDFCSILVER,Cash (non-F&O),False,Unknown,2026-10-07,397,False,2,G,,"Beating Nifty: 1M -5.0% vs -5.4%, 3M -2.0% vs -5.4%; Next resistance ₹215.00 (3.0% above entry)","No entry setup (no breakout, retest, pullback or candle at support); Room to next resistance only 3.0% (need 6%)",,,0,,False,8.39,208.83,-1.5,,,,,30,187.1,215.0,2.95,False,False,False,False,False,False,True,False,False,False,False,False,,,,,,,,,0.64,0.64,,-5.03,-2.02,3.33,359.0,71.91,,,,,,,,,213.72,No Band,56.4,False,No data,,,
223,CGPOWER,F&O,False,Capital Goods,2026-10-07,502,False,2,G,,"Beating Nifty: 1M -1.8% vs -5.4%, 3M -2.4% vs -5.4%; Next resistance ₹900.00 (0.6% above entry)","No entry setup (no breakout, retest, pullback or candle at support); Room to next resistance only 0.6% (need 6%)",,,0,,False,4.08,894.5,-1.92,,,,,30,891.95,900.0,0.61,False,False,False,False,False,False,True,False,False,False,False,False,,,,,,,,,0.88,0.88,,-1.78,-2.41,2.94,980.9,9.66,,,,,,,,,854.2,No Band,179.91,False,Leading,-1.68,1.99,
224,ABBOTINDIA,Midcap 150,True,Healthcare,2026-10-07,501,False,2,G,,"Beating Nifty: 1M +0.6% vs -5.4%, 3M -2.5% vs -5.4%; Next resistance ₹26745.00 (2.5% above entry)","No entry setup (no breakout, retest, pullback or candle at support); Room to next resistance only 2.5% (need 6%)",Low volume,Thin liquidity: Rs 23 cr/day avg,1,,False,6.73,26095.0,-0.08,,,,,30,25135.0,26745.0,2.49,False,False,False,False,False,False,True,False,False,False,False,False,,,,,,,,,1.03,1.03,,0.6,-2.52,2.83,30655.0,17.47,,,,,,,,,25135.0,20,22.85,False,Leading,-3.21,-0.28,
225,LTM,F&O,False,Information Technology,2026-10-07,502,False,2,Sweep,,Liquidity sweep: dipped 0.2% under ₹3913.80 and closed back above it; Next resistance ₹4089.60 (4.1% above entry),"No entry setup (no breakout, retest, pullback or candle at support); Room to next resistance only 4.1% (need 6%)",,,0,,False,16.26,3930.0,-1.03,,,,,30,,4089.6,4.06,False,False,False,False,False,False,False,False,True,False,False,False,3913.8,,,,,,,,0.61,0.61,,-11.29,-2.66,2.7,6429.5,63.6,,,,,,,,,3936.0,No Band,157.19,False,Weakening,-6.55,-1.42,
226,EMBASSY,Midcap 150,True,Realty,2026-10-06,501,False,2,G+Sweep+CHoCH,,"Beating Nifty: 1M -1.7% vs -5.4%, 3M -2.8% vs -5.4%; Liquidity sweep: dipped 0.5% under ₹428.66 and closed back above it; Change of character: closed below its last higher low ₹435.51 (minus 2 points); Next resistance ₹433.80 (0.6% above entry)","No entry setup (no breakout, retest, pullback or candle at support); Room to next resistance only 0.6% (need 6%)",Low volume,Thin liquidity: Rs 46 cr/day avg,1,,False,3.57,431.21,0.95,,,,,30,,433.8,0.6,False,False,False,False,False,False,True,False,True,False,False,True,428.66,,,,,,,435.51,0.29,0.29,,-1.75,-2.81,2.54,462.0,7.14,,,,,,,,,435.51,unknown,45.63,True,Improving,-4.44,-8.22,
227,ICICIAMC,Midcap 150,True,Financial Services,2026-10-07,202,False,2,G,,"Beating Nifty: 1M +1.5% vs -5.4%, 3M -3.2% vs -5.4%; Next resistance ₹3131.00 (2.4% above entry)","No entry setup (no breakout, retest, pullback or candle at support); Room to next resistance only 2.4% (need 6%)",,,0,,False,7.47,3058.5,-0.42,,,,,30,2977.7,3131.0,2.37,False,False,False,False,False,False,True,False,False,False,False,False,,,,,,,,,0.85,0.85,,1.51,-3.2,2.16,3611.0,18.06,,,,,,,,,2933.3,10,113.89,False,Improving,-4.95,-6.54,
228,COALINDIA,F&O,False,Oil Gas & Consumable Fuels,2026-10-07,502,False,2,G,,"Beating Nifty: 1M -1.4% vs -5.4%, 3M -3.4% vs -5.4%; Next resistance ₹432.90 (4.4% above entry)","No entry setup (no breakout, retest, pullback or candle at support); Room to next resistance only 4.4% (need 6%)",,,0,,False,5.26,414.5,0.69,,,,,30,412.4,432.9,4.44,False,False,False,False,False,False,True,False,False,False,False,False,,,,,,,,,0.93,0.93,,-1.37,-3.45,1.91,491.25,18.52,,,,,,,,,409.65,No Band,255.45,False,Leading,-1.92,-2.6,
229,CONCOR,F&O,True,Services,2026-10-07,501,False,2,Sweep,,Liquidity sweep: dipped 0.7% under ₹437.45 and closed back above it; Next resistance ₹484.65 (10.2% above entry),"No entry setup (no breakout, retest, pullback or candle at support)",,,0,,False,16.53,439.75,-1.37,,,,,30,,484.65,10.21,False,False,False,False,False,True,False,False,True,False,False,False,437.45,,,,,,,,0.85,0.85,,-12.73,-3.8,1.56,557.0,26.66,,,,,,,,,493.05,No Band,53.44,False,Leading,2.35,6.69,
230,VEDL,F&O,False,Metals & Mining,2026-10-07,502,False,2,G,,"Beating Nifty: 1M -3.9% vs -5.4%, 3M -4.1% vs -5.4%; Next resistance ₹271.35 (3.8% above entry)","No entry setup (no breakout, retest, pullback or candle at support); Room to next resistance only 3.8% (need 6%)",,,0,,False,5.24,261.4,-1.58,,,,,30,252.5,271.35,3.81,False,False,False,False,False,False,True,False,False,False,False,False,,,,,,,,,1.42,1.42,,-3.9,-4.09,1.26,795.0,204.13,,,,,,,,,252.5,No Band,189.44,False,Weakening,-7.11,-4.09,
231,UNOMINDA,F&O,True,Automobile and Auto Components,2026-10-07,501,False,2,Sweep,,Liquidity sweep: dipped 1.6% under ₹1104.00 and closed back above it; Next resistance ₹1136.80 (2.9% above entry),"No entry setup (no breakout, retest, pullback or candle at support); Room to next resistance only 2.9% (need 6%)",,,0,,False,16.22,1104.8,-1.36,,,,,30,1104.0,1136.8,2.9,False,False,False,False,False,False,False,False,True,False,False,False,1104.0,,,,,,,,0.49,0.49,,-11.03,-4.3,1.05,1382.0,25.09,,,,,,,,,1159.7,No Band,65.51,False,Weakening,-7.53,-4.3,
232,DLF,F&O,False,Realty,2026-10-07,502,False,2,G,,"Beating Nifty: 1M -2.8% vs -5.4%, 3M -4.3% vs -5.4%; Next resistance ₹672.00 (2.4% above entry)","No entry setup (no breakout, retest, pullback or candle at support); Room to next resistance only 2.4% (need 6%)",,,0,,False,4.21,656.0,-1.52,,,,,30,644.0,672.0,2.44,False,False,False,False,False,False,True,False,False,False,False,False,,,,,,,,,0.74,0.74,,-2.83,-4.34,1.02,786.5,19.89,,,,,,,,,611.5,No Band,222.61,False,Improving,-4.44,-8.22,
233,BHARTIARTL,F&O,False,Telecommunication,2026-10-07,502,False,2,G,,"Beating Nifty: 1M -0.5% vs -5.4%, 3M -4.5% vs -5.4%; Next resistance ₹1869.00 (1.9% above entry)","No entry setup (no breakout, retest, pullback or candle at support); Room to next resistance only 1.9% (need 6%)",,,0,,False,3.24,1833.9,1.29,,,,,30,1813.0,1869.0,1.91,False,False,False,False,False,False,True,False,False,False,False,False,,,,,,,,,2.59,2.59,,-0.55,-4.5,0.85,2174.5,18.57,,,,,,,,,1813.0,No Band,1050.45,False,Improving,-4.58,-7.51,
234,TITAN,F&O,False,Consumer Durables,2026-10-07,502,False,2,Sweep,,Liquidity sweep: dipped 0.4% under ₹4352.20 and closed back above it; Next resistance ₹4441.70 (1.5% above entry),"No entry setup (no breakout, retest, pullback or candle at support); Room to next resistance only 1.5% (need 6%)",,,0,,False,14.71,4377.0,-3.8,,,,,30,4352.2,4441.7,1.48,False,False,False,False,False,False,False,False,True,False,False,False,4352.2,,,,,,,,4.84,4.84,,-12.23,-4.52,0.83,5186.7,18.5,,,,,,,,,4772.0,No Band,343.65,False,Leading,-4.41,-2.96,
235,INDIANB,F&O,True,Financial Services,2026-10-07,502,False,2,G,,"Beating Nifty: 1M -3.7% vs -5.4%, 3M -4.9% vs -5.4%; Next resistance ₹867.85 (4.8% above entry)","No entry setup (no breakout, retest, pullback or candle at support); Room to next resistance only 4.8% (need 6%)",,,0,,False,5.02,828.3,1.88,,,,,30,,867.85,4.77,False,False,False,False,False,False,True,False,False,False,False,False,,,,,,,,,1.34,1.34,,-3.67,-4.87,0.49,1000.9,20.84,,,,,,,,,833.8,No Band,69.15,False,Improving,-4.95,-6.54,
236,INDUSTOWER,F&O,True,Telecommunication,2026-10-07,502,False,2,G,,"Beating Nifty: 1M +3.2% vs -5.4%, 3M -5.2% vs -5.4%; Next resistance ₹388.55 (0.9% above entry)","No entry setup (no breakout, retest, pullback or candle at support); Room to next resistance only 0.9% (need 6%)",,,0,,False,1.88,385.05,-1.04,,,,,30,355.55,388.55,0.91,False,False,False,False,False,False,True,False,False,False,False,False,,,,,,,,,0.51,0.51,,3.22,-5.2,0.16,481.5,25.05,,,,,,,,,355.55,No Band,186.63,False,Improving,-4.58,-7.51,
237,ALKEM,F&O,True,Healthcare,2026-10-07,500,False,2,G,,"Beating Nifty: 1M +2.1% vs -5.4%, 3M -5.3% vs -5.4%; Next resistance ₹5464.00 (2.1% above entry)","No entry setup (no breakout, retest, pullback or candle at support); Room to next resistance only 2.1% (need 6%)",,,0,,False,2.17,5350.5,1.11,,,,,30,5051.0,5464.0,2.12,False,False,False,False,False,False,True,False,False,False,False,False,,,,,,,,,1.35,1.35,,2.06,-5.28,0.08,5933.5,10.9,,,,,,,,,5051.0,No Band,83.53,False,Leading,-3.21,-0.28,
238,PWL,Cash (non-F&O),False,Consumer Services,2026-10-07,225,False,2,G,,"Beating Nifty: 1M +10.2% vs -5.4%, 3M -5.3% vs -5.4%; Next resistance ₹139.99 (0.3% above entry)","No entry setup (no breakout, retest, pullback or candle at support); Room to next resistance only 0.3% (need 6%)",,,0,,False,0.45,139.57,5.85,,,,,30,137.7,139.99,0.3,False,False,False,False,False,False,True,False,False,False,False,False,,,,,,,,,3.43,3.43,,10.22,-5.33,0.02,161.99,16.06,,,,,,,,,112.39,20,156.0,False,Leading,-2.07,0.96,
239,M&MFIN,Midcap 150,True,Financial Services,2026-10-07,502,False,2,OB,,Back at a demand zone (order block) ₹317.60–₹325.00 from 20 Jul and holding; Next resistance ₹329.35 (2.4% above entry),"No entry setup (no breakout, retest, pullback or candle at support); Room to next resistance only 2.4% (need 6%)",,,0,,False,13.44,321.75,-1.83,,,,,30,305.4,329.35,2.36,False,False,False,False,False,False,False,False,False,True,False,False,,317.6,325.0,2026-07-20,,,,,1.21,1.21,,-14.05,-5.6,-0.25,415.0,28.98,,,,,,,,,341.0,20,56.56,False,Improving,-4.95,-6.54,
240,POONAWALLA,Cash (non-F&O),False,Financial Services,2026-10-07,502,False,2,OB,,Back at a demand zone (order block) ₹428.10–₹434.95 from 16 Sep and holding; Next resistance ₹468.30 (4.3% above entry),"No entry setup (no breakout, retest, pullback or candle at support); Room to next resistance only 4.3% (need 6%)",,,0,,False,9.6,448.9,-2.51,,,,,30,433.4,468.3,4.32,False,False,False,False,False,False,False,False,False,True,False,False,,428.1,434.95,2026-09-16,,,,,0.83,0.83,,-1.39,-5.89,-0.54,544.8,21.36,,,,,,,,,428.1,20,57.69,False,Improving,-4.95,-6.54,
241,ONESOURCE,Cash (non-F&O),False,Healthcare,2026-10-07,425,False,2,Sweep,,Liquidity sweep: dipped 0.5% under ₹1478.00 and closed back above it; Next resistance ₹1536.60 (0.5% above entry),"No entry setup (no breakout, retest, pullback or candle at support); Room to next resistance only 0.5% (need 6%)",,,0,,False,8.43,1528.6,-0.47,,,,,30,1490.0,1536.6,0.52,False,False,False,False,False,False,False,False,True,False,False,False,1478.0,,,,,,,,0.24,0.24,,-1.53,-5.97,-0.62,1925.0,25.93,,,,,,,,,1478.0,20,60.79,False,Leading,-3.21,-0.28,
242,ACUTAAS,Cash (non-F&O),False,Healthcare,2026-10-07,502,False,2,A,,Uptrend: higher highs and higher lows; Next resistance ₹3328.00 (4.8% above entry),"No entry setup (no breakout, retest, pullback or candle at support); Room to next resistance only 4.8% (need 6%)",,,0,,False,10.58,3174.2,0.55,,,,,30,3167.0,3328.0,4.85,True,False,False,False,False,False,False,False,False,False,False,False,,,,,,,,,0.59,0.59,,-0.25,-6.66,-1.31,3740.0,17.82,,,,,,,,,3167.0,20,115.91,False,Leading,-3.21,-0.28,
243,ITDC,Cash (non-F&O),False,Unknown,2026-10-07,500,False,2,OB,,Back at a demand zone (order block) ₹647.00–₹660.75 from 21 Sep and holding; Next resistance ₹706.95 (5.2% above entry),"No entry setup (no breakout, retest, pullback or candle at support); Room to next resistance only 5.2% (need 6%)",,,0,,False,9.65,671.75,-0.52,,,,,30,671.4,706.95,5.24,False,False,False,False,False,False,False,False,False,True,False,False,,647.0,660.75,2026-09-21,,,,,0.07,0.07,,4.41,-7.74,-2.38,822.0,22.37,,,,,,,,,645.55,20,71.6,False,No data,,,
244,BLUESTARCO,F&O,True,Consumer Durables,2026-10-07,502,False,2,OB,,Back at a demand zone (order block) ₹1432.30–₹1470.50 from 09 Sep and holding; Next resistance ₹1593.50 (4.1% above entry),"No entry setup (no breakout, retest, pullback or candle at support); Room to next resistance only 4.1% (need 6%)",,,0,,False,4.14,1530.1,-2.63,,,,,30,1432.3,1593.5,4.14,False,False,False,False,False,False,False,False,False,True,False,False,,1432.3,1470.5,2026-09-09,,,,,0.67,0.67,,4.74,-7.94,-2.58,2032.9,32.86,,,,,,,,,1432.3,No Band,97.16,False,Leading,-4.41,-2.96,
245,STARHEALTH,Cash (non-F&O),False,Financial Services,2026-10-07,502,False,2,Sweep,,Liquidity sweep: dipped 0.5% under ₹534.00 and closed back above it; Next resistance ₹569.50 (2.8% above entry),"No entry setup (no breakout, retest, pullback or candle at support); Room to next resistance only 2.8% (need 6%)",,,0,,False,5.46,553.85,0.6,,,,,30,539.45,569.5,2.83,False,False,False,False,False,False,False,False,True,False,False,False,534.0,,,,,,,,0.2,0.2,,-3.19,-8.19,-2.83,624.9,12.83,,,,,,,,,513.0,20,62.34,False,Improving,-4.95,-6.54,
246,ULTRACEMCO,F&O,False,Construction Materials,2026-10-07,502,False,2,Sweep,,Liquidity sweep: dipped 0.4% under ₹10639.00 and closed back above it; Next resistance ₹11198.00 (5.1% above entry),"No entry setup (no breakout, retest, pullback or candle at support); Room to next resistance only 5.1% (need 6%)",,,0,,False,5.07,10658.0,-0.86,,,,,30,10639.0,11198.0,5.07,False,False,False,False,False,False,False,False,True,False,False,False,10639.0,,,,,,,,1.05,1.05,,-3.19,-8.99,-3.64,13110.0,23.01,,,,,,,,,10639.0,No Band,296.27,False,Lagging,-5.54,-8.73,
247,SHRIRAMFIN,F&O,False,Financial Services,2026-10-07,502,False,2,Sweep,,Liquidity sweep: dipped 1.0% under ₹939.00 and closed back above it; Next resistance ₹975.55 (2.9% above entry),"No entry setup (no breakout, retest, pullback or candle at support); Room to next resistance only 2.9% (need 6%)",,,0,,False,10.22,948.0,-1.77,,,,,30,872.0,975.55,2.91,False,False,False,False,False,False,False,False,True,False,False,False,939.0,,,,,,,,1.54,1.54,,-7.87,-9.2,-3.85,1153.7,21.7,,,,,,,,,972.6,No Band,402.37,False,Improving,-4.95,-6.54,
248,POLYCAB,F&O,False,Capital Goods,2026-10-07,502,False,2,E+Vol,Candle at support,Inside-day breakout at support; Volume 1.5× normal on the latest session; Next resistance ₹8463.00 (1.8% above entry),Room to next resistance only 1.8% (need 6%),,,0,In buy zone,False,1.84,8310.0,2.0,8072.0,8314.16,8563.58,8813.01,30,8072.0,8463.0,1.79,False,False,False,False,True,False,False,True,False,False,False,False,,,,,,,,,1.54,1.54,Inside-day breakout,-0.76,-9.78,-4.42,10126.0,21.85,,,,,,,,,8072.0,No Band,296.14,False,Leading,-1.68,1.99,
249,OLAELEC,Cash (non-F&O),False,Automobile and Auto Components,2026-10-07,502,False,2,Sweep,,Liquidity sweep: dipped 1.2% under ₹36.16 and closed back above it; Next resistance ₹37.81 (4.1% above entry),"No entry setup (no breakout, retest, pullback or candle at support); Room to next resistance only 4.1% (need 6%)",,,0,,False,22.66,36.32,1.0,,,,,30,36.02,37.81,4.1,False,False,False,False,False,False,False,False,True,False,False,False,36.16,,,,,,,,0.64,0.64,,-3.48,-10.12,-4.77,57.95,59.55,,,,,,,,,36.02,20,386.94,False,Weakening,-7.53,-4.3,
250,BALAMINES,Cash (non-F&O),False,Chemicals,2026-10-07,502,False,2,Sweep,,Liquidity sweep: dipped 2.1% under ₹1977.30 and closed back above it; Next resistance ₹2178.00 (1.0% above entry),"No entry setup (no breakout, retest, pullback or candle at support); Room to next resistance only 1.0% (need 6%)",,,0,,False,12.02,2155.9,-5.76,,,,,30,2081.0,2178.0,1.03,False,False,False,False,False,False,False,False,True,False,False,False,1977.3,,,,,,,,2.64,2.64,,-12.91,-10.73,-5.37,2629.8,21.98,,,,,,,,,2081.0,20,64.43,False,Improving,-3.07,-7.5,
251,DMART,F&O,False,Consumer Services,2026-10-07,502,False,2,Sweep,,Liquidity sweep: dipped 2.7% under ₹3617.60 and closed back above it; Next resistance ₹3868.10 (6.4% above entry),"No entry setup (no breakout, retest, pullback or candle at support)",,,0,,False,6.71,3636.0,1.51,,,,,30,,3868.1,6.38,False,False,False,False,False,True,False,False,True,False,False,False,3617.6,,,,,,,,0.72,0.72,,-2.26,-10.91,-5.55,4644.0,27.72,,,,,,,,,3650.0,No Band,213.79,False,Leading,-2.07,0.96,
252,TATACOMM,Midcap 150,True,Telecommunication,2026-10-07,501,False,2,Sweep,,Liquidity sweep: dipped 1.1% under ₹1640.20 and closed back above it; Next resistance ₹1703.60 (2.7% above entry),"No entry setup (no breakout, retest, pullback or candle at support); Room to next resistance only 2.7% (need 6%)",Low volume,Thin liquidity: Rs 37 cr/day avg,1,,False,10.36,1659.6,-1.32,,,,,30,1640.2,1703.6,2.65,False,False,False,False,False,False,False,False,True,False,False,False,1640.2,,,,,,,,3.1,3.1,,-4.54,-11.27,-5.91,2110.0,27.14,,,,,,,,,1640.2,20,37.15,False,Improving,-4.58,-7.51,
253,ASIANPAINT,F&O,False,Consumer Durables,2026-10-07,502,False,2,Sweep,,Liquidity sweep: dipped 1.5% under ₹2372.00 and closed back above it; Next resistance ₹2452.40 (3.4% above entry),"No entry setup (no breakout, retest, pullback or candle at support); Room to next resistance only 3.4% (need 6%)",,,0,,False,5.31,2372.1,-2.15,,,,,30,2289.7,2452.4,3.39,False,False,False,False,False,False,False,False,True,False,False,False,2372.0,,,,,,,,0.95,0.95,,-4.41,-11.42,-6.06,2985.7,25.87,,,,,,,,,2397.4,No Band,133.75,False,Leading,-4.41,-2.96,
254,RITES,Cash (non-F&O),False,Construction,2026-10-07,502,False,2,OB,,Back at a demand zone (order block) ₹191.25–₹196.11 from 29 Sep and holding; Next resistance ₹211.20 (5.2% above entry),"No entry setup (no breakout, retest, pullback or candle at support); Room to next resistance only 5.2% (need 6%)",,,0,,False,9.05,200.74,-1.36,,,,,30,191.25,211.2,5.21,False,False,False,False,False,False,False,False,False,True,False,False,,191.25,196.11,2026-09-29,,,,,0.11,0.11,,-5.74,-11.42,-6.06,259.7,29.37,,,,,,,,,191.25,20,82.48,False,Lagging,-5.97,-13.62,
255,ANGELONE,F&O,False,Financial Services,2026-10-07,502,False,2,A,,Uptrend: higher highs and higher lows; Next resistance ₹305.45 (1.1% above entry),"No entry setup (no breakout, retest, pullback or candle at support); Room to next resistance only 1.1% (need 6%)",,,0,,False,2.65,302.0,2.37,,,,,30,289.05,305.45,1.14,True,False,False,False,False,False,False,False,False,False,False,False,,,,,,,,,3.63,3.63,,1.34,-12.73,-7.37,360.45,19.35,,,,,,,,,289.05,No Band,117.31,False,Improving,-4.95,-6.54,
256,PATANJALI,F&O,True,Fast Moving Consumer Goods,2026-10-07,502,False,2,OB,,Back at a demand zone (order block) ₹354.00–₹364.90 from 17 Sep and holding; Next resistance ₹365.60 (1.3% above entry),"No entry setup (no breakout, retest, pullback or candle at support); Room to next resistance only 1.3% (need 6%)",,,0,,False,14.39,360.95,-0.56,,,,,30,335.75,365.6,1.29,False,False,False,False,False,False,False,False,False,True,False,False,,354.0,364.9,2026-09-17,,,,,0.55,0.55,Hammer,5.54,-12.77,-7.42,614.05,70.12,,,,,,,,,335.75,No Band,221.26,False,Improving,-0.31,-9.53,
257,TORNTPOWER,Midcap 150,True,Power,2026-10-07,502,False,2,OB,,Back at a demand zone (order block) ₹1208.00–₹1226.10 from 31 Aug and holding; Next resistance ₹1303.00 (5.4% above entry),"No entry setup (no breakout, retest, pullback or candle at support); Room to next resistance only 5.4% (need 6%)",Low volume,Thin liquidity: Rs 23 cr/day avg,1,,False,7.31,1236.5,0.13,,,,,30,1211.5,1303.0,5.38,False,False,False,False,False,False,False,False,False,True,False,False,,1208.0,1226.1,2026-08-31,,,,,0.9,0.9,,-2.65,-12.89,-7.53,1824.1,47.52,,,,,,,,,1211.5,20,22.55,False,Improving,-4.48,-10.61,
258,BHARATFORG,F&O,True,Automobile and Auto Components,2026-10-07,501,False,2,Sweep,,Liquidity sweep: dipped 0.6% under ₹1827.60 and closed back above it; Next resistance ₹1935.50 (5.1% above entry),"No entry setup (no breakout, retest, pullback or candle at support); Room to next resistance only 5.1% (need 6%)",,,0,,False,9.85,1841.8,-2.03,,,,,30,1506.5,1935.5,5.09,False,False,False,False,False,False,False,False,True,False,False,False,1827.6,,,,,,,,0.56,0.56,,-8.08,-13.0,-7.64,2295.0,24.61,,,,,,,,,1850.4,No Band,139.26,False,Weakening,-7.53,-4.3,
259,NIACL,Cash (non-F&O),False,Financial Services,2026-10-07,502,False,2,Sweep,,Liquidity sweep: dipped 0.4% under ₹158.30 and closed back above it; Next resistance ₹162.39 (1.9% above entry),"No entry setup (no breakout, retest, pullback or candle at support); Room to next resistance only 1.9% (need 6%)",,,0,,False,30.23,159.29,-0.89,,,,,30,158.3,162.39,1.95,False,False,False,False,False,False,False,False,True,False,False,False,158.3,,,,,,,,0.16,0.16,,-22.38,-13.39,-8.04,242.6,52.3,,,,,,,,,179.15,20,83.34,False,Improving,-4.95,-6.54,
260,INDUSINDBK,F&O,True,Financial Services,2026-10-07,502,False,2,Sweep,,Liquidity sweep: dipped 0.4% under ₹874.40 and closed back above it; Next resistance ₹892.35 (2.0% above entry),"No entry setup (no breakout, retest, pullback or candle at support); Room to next resistance only 2.0% (need 6%)",,,0,,False,14.61,874.9,-3.44,,,,,30,874.4,892.35,1.99,False,False,False,False,False,False,False,False,True,False,False,False,874.4,,,,,,,,1.12,1.12,,-12.31,-13.87,-8.52,1077.85,23.2,,,,,,,,,878.0,No Band,208.64,False,Improving,-4.95,-6.54,
261,MAZDOCK,F&O,False,Capital Goods,2026-10-07,502,False,2,Sweep,,Liquidity sweep: dipped 0.2% under ₹2057.40 and closed back above it; Next resistance ₹2534.00 (22.7% above entry),"No entry setup (no breakout, retest, pullback or candle at support)",,,0,,False,17.09,2064.4,-1.74,,,,,30,,2534.0,22.75,False,False,False,False,False,True,False,False,True,False,False,False,2057.4,,,,,,,,0.79,0.79,,-16.3,-14.7,-9.34,2929.7,41.92,,,,,,,,,2176.0,No Band,119.32,False,Leading,-1.68,1.99,
262,NH,Midcap 150,True,Healthcare,2026-10-07,502,False,2,Sweep,,Liquidity sweep: dipped 0.7% under ₹1721.80 and closed back above it; Next resistance ₹1838.00 (6.7% above entry),"No entry setup (no breakout, retest, pullback or candle at support)",Low volume,Thin liquidity: Rs 35 cr/day avg,1,,False,12.58,1723.2,-0.03,,,,,30,1721.8,1838.0,6.66,False,False,False,False,False,True,False,False,True,False,False,False,1721.8,,,,,,,,0.5,0.5,,-9.18,-15.0,-9.64,2093.3,21.48,,,,,,,,,1811.0,20,35.41,False,Leading,-3.21,-0.28,
263,VMM,F&O,True,Consumer Services,2026-10-07,452,False,2,Sweep,,Liquidity sweep: dipped 0.8% under ₹98.90 and closed back above it; Next resistance ₹108.23 (7.7% above entry),"No entry setup (no breakout, retest, pullback or candle at support)",,,0,,False,7.69,100.5,-0.45,,,,,30,98.0,108.23,7.69,False,False,False,False,False,True,False,False,True,False,False,False,98.9,,,,,,,,1.17,1.17,,-3.27,-15.4,-10.04,150.94,50.19,,,,,,,,,98.0,No Band,100.58,False,Leading,-2.07,0.96,
264,ASTERDM,Midcap 150,True,Healthcare,2026-10-07,501,False,2,Sweep,,Liquidity sweep: dipped 0.2% under ₹675.50 and closed back above it; Next resistance ₹702.15 (3.2% above entry),"No entry setup (no breakout, retest, pullback or candle at support); Room to next resistance only 3.2% (need 6%)",,,0,,False,16.46,680.3,-0.64,,,,,30,675.5,702.15,3.21,False,False,False,False,False,False,False,False,True,False,False,False,675.5,,,,,,,,1.01,1.01,,-14.5,-15.72,-10.36,891.3,31.02,,,,,,,,,729.05,20,90.47,False,Leading,-3.21,-0.28,
265,KSCL,Cash (non-F&O),False,Fast Moving Consumer Goods,2026-10-07,501,False,2,OB,,Back at a demand zone (order block) ₹698.00–₹715.75 from 22 Sep and holding; Next resistance ₹793.60 (11.7% above entry),"No entry setup (no breakout, retest, pullback or candle at support)",,,0,,False,18.97,710.75,-0.93,,,,,30,685.0,793.6,11.66,False,False,False,False,False,True,False,False,False,True,False,False,,698.0,715.75,2026-09-22,,,,,0.06,0.06,,-2.44,-18.3,-12.94,1095.9,54.19,,,,,,,,,685.0,20,123.62,False,Improving,-0.31,-9.53,
266,IRCON,Cash (non-F&O),False,Construction,2026-10-07,502,False,2,OB,,Back at a demand zone (order block) ₹101.60–₹104.40 from 29 Sep and holding; Next resistance ₹122.96 (15.3% above entry),"No entry setup (no breakout, retest, pullback or candle at support)",,,0,,False,15.28,106.66,-1.11,,,,,30,101.6,122.96,15.28,False,False,False,False,False,True,False,False,False,True,False,False,,101.6,104.4,2026-09-29,,,,,0.34,0.34,,-8.75,-18.8,-13.45,186.44,74.8,,,,,,,,,101.6,20,75.16,False,Lagging,-5.97,-13.62,
267,FORTIS,F&O,True,Healthcare,2026-10-07,502,False,2,Sweep,,Liquidity sweep: dipped 1.8% under ₹766.80 and closed back above it; Next resistance ₹908.80 (16.6% above entry),"No entry setup (no breakout, retest, pullback or candle at support)",,,0,,False,17.44,779.1,1.98,,,,,30,,908.8,16.65,False,False,False,False,False,True,False,False,True,False,False,False,766.8,,,,,,,,1.07,1.07,Bullish engulfing,-14.2,-19.51,-14.16,1104.3,41.74,,,,,,,,,861.4,No Band,147.34,False,Leading,-3.21,-0.28,
268,NLCINDIA,Midcap 150,True,Power,2026-10-07,502,False,2,Sweep,,Liquidity sweep: dipped 0.9% under ₹249.40 and closed back above it; Next resistance ₹266.85 (6.6% above entry),"No entry setup (no breakout, retest, pullback or candle at support)",Low volume,Thin liquidity: Rs 33 cr/day avg,1,,False,9.83,250.35,-1.79,,,,,30,249.4,266.85,6.59,False,False,False,False,False,True,False,False,True,False,False,False,249.4,,,,,,,,0.73,0.73,,-8.04,-20.5,-15.14,387.8,54.9,,,,,,,,,254.3,20,33.11,False,Improving,-4.48,-10.61,
269,HUDCO,Midcap 150,True,Financial Services,2026-10-07,502,False,2,Sweep,,Liquidity sweep: dipped 2.1% under ₹159.00 and closed back above it; Next resistance ₹179.20 (10.8% above entry),"No entry setup (no breakout, retest, pullback or candle at support)",Low volume,Thin liquidity: Rs 36 cr/day avg,1,,False,10.76,161.79,0.47,,,,,30,,179.2,10.76,False,False,False,False,False,True,False,False,True,False,False,False,159.0,,,,,,,,1.13,1.13,,-9.24,-21.83,-16.47,246.85,52.57,,,,,,,,,167.05,20,36.35,False,Improving,-4.95,-6.54,
270,GODREJIND,Midcap 150,True,Diversified,2026-10-07,502,False,2,Sweep,,Liquidity sweep: dipped 0.3% under ₹1012.80 and closed back above it; Next resistance ₹1043.40 (1.4% above entry),"No entry setup (no breakout, retest, pullback or candle at support); Room to next resistance only 1.4% (need 6%)",Low volume,Thin liquidity: Rs 9 cr/day avg,1,,False,13.9,1029.0,-1.53,,,,,30,1020.7,1043.4,1.4,False,False,False,False,False,False,False,False,True,False,False,False,1012.8,,,,,,,,0.2,0.2,,-10.05,-27.42,-22.06,1443.0,40.23,,,,,,,,,1078.0,20,8.98,False,No data,,,
271,MANIPALHOS,Cash (non-F&O),False,Unknown,2026-10-07,46,False,2,OB,,Back at a demand zone (order block) ₹625.45–₹663.90 from 06 Aug and holding; Next resistance ₹750.00 (7.3% above entry),"No entry setup (no breakout, retest, pullback or candle at support)",New listing,"Short history: 46 sessions, limited price structure",1,,False,10.1,699.15,1.25,,,,,30,690.4,750.0,7.27,False,False,False,False,False,True,False,False,False,True,False,False,,625.45,663.9,2026-08-06,,,,,0.48,0.48,Inside-day breakout,-2.75,,,815.0,16.57,,,,,,,,,690.4,20,64.12,False,No data,,,
272,INDOMIM,Cash (non-F&O),False,Unknown,2026-10-07,50,False,2,A,,Uptrend: higher highs and higher lows; Next resistance ₹1374.40 (1.1% above entry),"No entry setup (no breakout, retest, pullback or candle at support); Room to next resistance only 1.1% (need 6%)","5% band, New listing","5% price band (daily move capped at 5%); Short history: 50 sessions, limited price structure",2,,False,1.07,1359.9,0.72,,,,,30,1349.0,1374.4,1.07,True,False,False,False,False,False,False,False,False,False,False,False,,,,,,,,,0.29,0.29,,40.35,,,1374.4,1.07,,,,,,,,,922.55,5,236.74,False,No data,,,
273,RIR,Cash (non-F&O),False,Unknown,2026-10-07,60,False,2,OB,,Back at a demand zone (order block) ₹170.27–₹181.00 from 15 Sep and holding; Next resistance ₹185.99 (1.2% above entry),"No entry setup (no breakout, retest, pullback or candle at support); Room to next resistance only 1.2% (need 6%)",New listing,"Short history: 60 sessions, limited price structure",1,,False,16.39,183.81,0.17,,,,,30,164.11,185.99,1.19,False,False,False,False,False,False,False,False,False,True,False,False,,170.27,181.0,2026-09-15,,,,,0.18,0.18,,-0.02,,,213.94,16.39,,,,,,,,,164.11,20,65.44,False,No data,,,
274,CRISIL,Midcap 150,True,Financial Services,2026-10-07,500,False,1,E,Candle at support,Hammer at support; Next resistance ₹4662.00 (0.7% above entry),Room to next resistance only 0.7% (need 6%),Low volume,Thin liquidity: Rs 19 cr/day avg,1,In buy zone,False,6.89,4509.1,-0.31,4494.2,4629.03,4767.9,4906.77,30,4494.2,4662.0,0.71,False,False,False,False,True,False,False,False,False,False,False,False,,,,,,,,,0.3,0.3,Hammer,-6.1,16.46,21.82,5064.9,12.33,,,,,,,,,4494.2,20,19.18,False,Improving,-4.95,-6.54,
275,SOLARINDS,F&O,False,Chemicals,2026-10-07,501,False,1,E,Candle at support,Hammer at support; Next resistance ₹20370.00 (3.1% above entry),Room to next resistance only 3.1% (need 6%),,,0,Above buy zone by 1.5%: wait for a dip into the zone,False,13.22,20050.0,-0.1,19187.0,19762.61,20355.49,20948.37,30,19187.0,20370.0,3.07,False,False,False,False,True,False,False,False,False,False,False,False,,,,,,,,,0.64,0.64,Hammer,-10.71,9.95,15.3,22700.0,13.22,,,,,,,,,18650.0,No Band,483.29,False,Improving,-3.07,-7.5,
276,BANKBARODA,F&O,False,Financial Services,2026-10-07,502,False,1,E,Candle at support,Bullish engulfing at support; Next resistance ₹237.70 (3.1% above entry),Room to next resistance only 3.1% (need 6%),,,0,Above buy zone by 1.7%: wait for a dip into the zone,False,2.09,234.55,0.78,223.82,230.53,237.45,244.37,30,223.82,237.7,3.11,False,False,False,False,True,False,False,False,False,False,False,False,,,,,,,,,1.0,1.0,Bullish engulfing,-0.87,-6.54,-1.18,325.5,38.78,,,,,,,,,223.82,No Band,137.03,False,Improving,-4.95,-6.54,
277,GVT&D,F&O,True,Capital Goods,2026-10-07,502,False,1,E,Candle at support,Inside-day breakout at support; Next resistance ₹4344.00 (2.6% above entry),Room to next resistance only 2.6% (need 6%),,,0,Above buy zone by 1.9%: wait for a dip into the zone,False,8.12,4316.3,1.68,4110.9,4234.23,4361.25,4488.28,30,4110.9,4344.0,2.59,False,False,False,False,True,False,False,False,False,False,False,False,,,,,,,,,1.17,1.17,Inside-day breakout,-9.13,-7.71,-2.36,5650.0,30.9,,,,,,,,,4110.9,No Band,233.34,False,Leading,-1.68,1.99,
278,HEXT,Midcap 150,True,Information Technology,2026-10-07,406,False,1,E,Candle at support,Inside-day breakout at support; Next resistance ₹506.00 (3.2% above entry),Room to next resistance only 3.2% (need 6%),Low volume,Thin liquidity: Rs 8 cr/day avg,1,Above buy zone by 3.1%: wait for a dip into the zone,False,4.45,505.5,1.04,476.25,490.54,505.25,519.97,30,476.25,506.0,3.15,False,False,False,False,True,False,False,False,False,False,False,False,,,,,,,,,0.96,0.96,Inside-day breakout,-2.57,-8.13,-2.78,807.75,59.79,,,,,,,,,476.25,20,7.77,False,Weakening,-6.55,-1.42,
279,KEI,F&O,True,Capital Goods,2026-10-07,502,False,1,E,Candle at support,Inside-day breakout at support; Next resistance ₹4760.00 (0.7% above entry),Room to next resistance only 0.7% (need 6%),,,0,In buy zone,False,1.76,4677.7,2.64,4587.3,4724.92,4866.67,5008.41,30,4587.3,4760.0,0.74,False,False,False,False,True,False,False,False,False,False,False,False,,,,,,,,,0.55,0.55,Inside-day breakout,-0.42,-9.16,-3.81,5899.0,26.11,,,,,,,,,4447.0,No Band,170.83,False,Leading,-1.68,1.99,
280,VIYASH,Cash (non-F&O),False,Healthcare,2026-10-07,502,False,1,E,Candle at support,Inside-day breakout at support; Next resistance ₹240.00 (2.1% above entry),Room to next resistance only 2.1% (need 6%),,,0,Above buy zone by 2.4%: wait for a dip into the zone,False,9.4,240.77,3.23,228.2,235.05,242.1,249.15,30,228.2,240.0,2.11,False,False,False,False,True,False,False,False,False,False,False,False,,,,,,,,,1.36,1.36,Inside-day breakout,-8.09,-13.33,-7.97,298.0,23.77,,,,,,,,,236.85,20,56.09,False,Leading,-3.21,-0.28,
281,GREAVESCOT,Cash (non-F&O),False,Capital Goods,2026-10-07,502,False,1,FVG,,Filling a fair value gap ₹209.20–₹218.71 from 24 Sep and holding; Next resistance ₹222.50 (5.0% above entry),"No entry setup (no breakout, retest, pullback or candle at support); Room to next resistance only 5.0% (need 6%)",,,0,,False,13.4,212.0,-4.84,,,,,30,210.35,222.5,4.95,False,False,False,False,False,False,False,False,False,False,True,False,,,,,209.2,218.71,2026-09-24,,0.92,0.92,,9.81,-19.58,-14.22,271.9,28.25,,,,,,,,,178.71,20,56.92,False,Leading,-1.68,1.99,
282,ATHERENERG,F&O,False,Automobile and Auto Components,2026-10-07,360,False,0,,,Next resistance ₹1580.00 (8.6% above entry),"No entry setup (no breakout, retest, pullback or candle at support)",,,0,,False,15.02,1455.0,0.62,,,,,30,1421.7,1580.0,8.59,False,False,False,False,False,True,False,False,False,False,False,False,,,,,,,,,1.15,1.15,,-7.79,18.7,24.05,1744.0,19.86,,,,,,,,,1421.7,No Band,555.12,False,Weakening,-7.53,-4.3,
283,PPLPHARMA,Cash (non-F&O),False,Healthcare,2026-10-07,502,False,0,,,Next resistance ₹206.50 (1.7% above entry),"No entry setup (no breakout, retest, pullback or candle at support); Room to next resistance only 1.7% (need 6%)",,,0,,False,7.87,203.01,1.24,,,,,30,198.86,206.5,1.72,False,False,False,False,False,False,False,False,False,False,False,False,,,,,,,,,0.82,0.82,,-10.42,14.59,19.95,231.93,14.25,,,,,,,,,198.86,20,56.4,False,Leading,-3.21,-0.28,
284,NETWEB,Cash (non-F&O),False,Information Technology,2026-10-07,502,False,0,,,Next resistance ₹4845.00 (3.4% above entry),"No entry setup (no breakout, retest, pullback or candle at support); Room to next resistance only 3.4% (need 6%)",,,0,,False,7.89,4685.4,-1.28,,,,,30,4495.0,4845.0,3.41,False,False,False,False,False,False,False,False,False,False,False,False,,,,,,,,,0.63,0.63,,-7.9,8.84,14.19,5813.0,24.07,,,,,,,,,4453.0,20,416.33,False,Weakening,-6.55,-1.42,
285,IIFL,Cash (non-F&O),False,Financial Services,2026-10-07,501,False,0,,,Next resistance ₹592.80 (0.7% above entry),"No entry setup (no breakout, retest, pullback or candle at support); Room to next resistance only 0.7% (need 6%)",,,0,,False,8.44,588.55,-2.19,,,,,30,582.25,592.8,0.72,False,False,False,False,False,False,False,False,False,False,False,False,,,,,,,,,0.55,0.55,,-10.01,8.05,13.41,705.0,19.79,,,,,,,,,567.4,20,110.83,False,Improving,-4.95,-6.54,
286,JUBLFOOD,F&O,True,Consumer Services,2026-10-07,501,False,0,G+CHoCH,,"Beating Nifty: 1M -3.1% vs -5.4%, 3M +7.3% vs -5.4%; Change of character: closed below its last higher low ₹461.60 (minus 2 points); Next resistance ₹478.00 (3.8% above entry)","No entry setup (no breakout, retest, pullback or candle at support); Room to next resistance only 3.8% (need 6%)",,,0,,False,9.34,460.6,2.41,,,,,30,457.4,478.0,3.78,False,False,False,False,False,False,True,False,False,False,False,True,,,,,,,,461.6,2.34,2.34,,-3.11,7.28,12.63,628.95,36.55,,,,,,,,,461.6,No Band,55.63,False,Leading,-2.07,0.96,
287,HAL,F&O,False,Capital Goods,2026-10-07,502,False,0,,,Next resistance ₹4836.30 (1.9% above entry),"No entry setup (no breakout, retest, pullback or candle at support); Room to next resistance only 1.9% (need 6%)",,,0,,False,6.45,4746.3,-1.45,,,,,30,4670.0,4836.3,1.9,False,False,False,False,False,False,False,False,False,False,False,False,,,,,,,,,0.74,0.74,,-5.66,5.31,10.67,5149.9,8.5,,,,,,,,,4549.3,No Band,302.65,False,Leading,-1.68,1.99,
288,INOXINDIA,Cash (non-F&O),False,Capital Goods,2026-10-07,501,False,0,,,Next resistance ₹2099.00 (0.8% above entry),"No entry setup (no breakout, retest, pullback or candle at support); Room to next resistance only 0.8% (need 6%)",,,0,,False,12.37,2082.0,0.23,,,,,30,2034.0,2099.0,0.82,False,False,False,False,False,False,False,False,False,False,False,False,,,,,,,,,0.78,0.78,,-6.04,5.26,10.61,2339.5,12.37,,,,,,,,,1930.8,20,67.54,False,Leading,-1.68,1.99,
289,SAIL,F&O,True,Metals & Mining,2026-10-07,502,False,0,,,Next resistance ₹175.90 (0.9% above entry),"No entry setup (no breakout, retest, pullback or candle at support); Room to next resistance only 0.9% (need 6%)",F&O ban,F&O ban list (no new F&O positions; cash buying allowed),1,,False,9.78,174.31,-2.13,,,,,30,170.5,175.9,0.91,False,False,False,False,False,False,False,False,False,False,False,False,,,,,,,,,0.65,0.65,,-6.34,3.79,9.14,209.7,20.3,,,,,,,,,170.5,No Band,240.46,False,Weakening,-7.11,-4.09,
290,CARTRADE,Cash (non-F&O),False,Consumer Services,2026-10-07,502,False,0,,,Next resistance ₹2918.80 (0.1% above entry),"No entry setup (no breakout, retest, pullback or candle at support); Room to next resistance only 0.1% (need 6%)",,,0,,False,8.77,2914.7,0.1,,,,,30,2856.7,2918.8,0.14,False,False,False,False,False,False,False,False,False,False,False,False,,,,,,,,,0.47,0.47,,-8.25,3.73,9.09,3290.5,12.89,,,,,,,,,2856.7,20,71.66,False,Leading,-2.07,0.96,
291,HINDZINC,F&O,False,Metals & Mining,2026-10-07,502,False,0,,,Next resistance ₹579.35 (5.1% above entry),"No entry setup (no breakout, retest, pullback or candle at support); Room to next resistance only 5.1% (need 6%)",,,0,,False,10.87,551.0,-1.19,,,,,30,545.0,579.35,5.15,False,False,False,False,False,False,False,False,False,False,False,False,,,,,,,,,0.56,0.56,,-7.47,2.62,7.97,733.0,33.03,,,,,,,,,560.9,No Band,195.0,False,Weakening,-7.11,-4.09,
292,NAUKRI,F&O,True,Consumer Services,2026-10-07,501,False,0,,,Next resistance ₹1229.10 (0.3% above entry),"No entry setup (no breakout, retest, pullback or candle at support); Room to next resistance only 0.3% (need 6%)",,,0,,False,7.95,1225.3,-1.27,,,,,30,1140.0,1229.1,0.31,False,False,False,False,False,False,False,False,False,False,False,False,,,,,,,,,0.7,0.7,,-5.93,1.95,7.31,1419.9,15.88,,,,,,,,,1140.0,No Band,170.78,False,Leading,-2.07,0.96,
293,HCLTECH,F&O,False,Information Technology,2026-10-07,502,False,0,,,Next resistance ₹1198.30 (1.1% above entry),"No entry setup (no breakout, retest, pullback or candle at support); Room to next resistance only 1.1% (need 6%)",,,0,,False,8.86,1185.0,-1.61,,,,,30,1173.6,1198.3,1.12,False,False,False,False,False,False,False,False,False,False,False,False,,,,,,,,,0.72,0.72,,-7.2,1.8,7.15,1780.1,50.22,,,,,,,,,1195.7,No Band,309.2,False,Weakening,-6.55,-1.42,
294,SAGILITY,F&O,False,Information Technology,2026-10-07,476,False,0,,,Next resistance ₹43.78 (1.6% above entry),"No entry setup (no breakout, retest, pullback or candle at support); Room to next resistance only 1.6% (need 6%)",,,0,,False,8.33,43.11,-1.75,,,,,30,42.99,43.78,1.55,False,False,False,False,False,False,False,False,False,False,False,False,,,,,,,,,0.7,0.7,,-5.67,1.36,6.72,57.89,34.28,,,,,,,,,42.11,No Band,51.42,False,Weakening,-6.55,-1.42,
295,HEROMOTOCO,F&O,True,Automobile and Auto Components,2026-10-07,502,False,0,,,Next resistance ₹5024.00 (0.4% above entry),"No entry setup (no breakout, retest, pullback or candle at support); Room to next resistance only 0.4% (need 6%)",,,0,,False,8.88,5004.0,-1.4,,,,,30,,5024.0,0.4,False,False,False,False,False,False,False,False,False,False,False,False,,,,,,,,,0.84,0.84,,-6.18,1.11,6.46,6388.5,27.67,,,,,,,,,5166.0,No Band,244.42,False,Weakening,-7.53,-4.3,
296,JINDALSTEL,F&O,False,Metals & Mining,2026-10-07,502,False,0,,,Next resistance ₹1090.60 (2.8% above entry),"No entry setup (no breakout, retest, pullback or candle at support); Room to next resistance only 2.8% (need 6%)",,,0,,False,11.91,1061.0,-2.29,,,,,30,1058.0,1090.6,2.79,False,False,False,False,False,False,False,False,False,False,False,False,,,,,,,,,1.06,1.06,,-6.63,0.92,6.28,1306.2,23.11,,,,,,,,,1058.0,No Band,97.25,False,Weakening,-7.11,-4.09,
297,KAYNES,F&O,False,Capital Goods,2026-10-07,502,False,0,,,Next resistance ₹3399.00 (1.0% above entry),"No entry setup (no breakout, retest, pullback or candle at support); Room to next resistance only 1.0% (need 6%)",,,0,,False,10.17,3365.0,-1.17,,,,,30,3293.0,3399.0,1.01,False,False,False,False,False,False,False,False,False,False,False,False,,,,,,,,,0.72,0.72,,-6.79,0.87,6.22,7609.0,126.12,,,,,,,,,3293.0,No Band,342.39,False,Leading,-1.68,1.99,
298,BAJAJHLDNG,F&O,False,Financial Services,2026-10-07,501,False,0,G+CHoCH,,"Beating Nifty: 1M -2.7% vs -5.4%, 3M +0.8% vs -5.4%; Change of character: closed below its last higher low ₹10884.00 (minus 2 points); Next resistance ₹10840.00 (1.7% above entry)","No entry setup (no breakout, retest, pullback or candle at support); Room to next resistance only 1.7% (need 6%)",,,0,,False,7.38,10662.0,0.58,,,,,30,10583.0,10840.0,1.67,False,False,False,False,False,False,True,False,False,False,False,True,,,,,,,,10884.0,1.0,1.0,,-2.68,0.77,6.12,13250.0,24.27,,,,,,,,,10884.0,No Band,43.57,False,Improving,-4.95,-6.54,
299,TCS,F&O,False,Information Technology,2026-10-07,502,False,0,,,Next resistance ₹2231.00 (7.2% above entry),"No entry setup (no breakout, retest, pullback or candle at support)",,,0,,False,11.67,2080.3,-0.94,,,,,30,2032.4,2231.0,7.24,False,False,False,False,False,True,False,False,False,False,False,False,,,,,,,,,0.44,0.44,,-7.77,0.55,5.9,3350.0,61.03,,,,,,,,,2032.4,No Band,633.93,False,Weakening,-6.55,-1.42,
300,KPRMILL,Midcap 150,True,Textiles,2026-10-07,500,False,0,,,Next resistance ₹1123.00 (2.0% above entry),"No entry setup (no breakout, retest, pullback or candle at support); Room to next resistance only 2.0% (need 6%)",Low volume,Thin liquidity: Rs 19 cr/day avg,1,,False,5.22,1101.3,0.08,,,,,30,1094.1,1123.0,1.97,False,False,False,False,False,False,False,False,False,False,False,False,,,,,,,,,1.28,1.28,,-7.17,-0.52,4.83,1334.0,21.13,,,,,,,,,1080.0,20,19.08,False,Leading,4.61,-0.52,
301,DATAPATTNS,Cash (non-F&O),False,Capital Goods,2026-10-07,501,False,0,,,Next resistance ₹4303.00 (1.6% above entry),"No entry setup (no breakout, retest, pullback or candle at support); Room to next resistance only 1.6% (need 6%)",,,0,,False,18.11,4233.4,-1.53,,,,,30,4140.0,4303.0,1.64,False,False,False,False,False,False,False,False,False,False,False,False,,,,,,,,,0.31,0.31,,-7.79,-1.18,4.17,5000.0,18.11,,,,,,,,,4140.0,20,202.77,False,Leading,-1.68,1.99,
302,IDFCFIRSTB,F&O,True,Financial Services,2026-10-07,502,False,0,,,Next resistance ₹81.46 (2.4% above entry),"No entry setup (no breakout, retest, pullback or candle at support); Room to next resistance only 2.4% (need 6%)",,,0,,False,12.66,79.54,-2.48,,,,,30,78.6,81.46,2.41,False,False,False,False,False,False,False,False,False,False,False,False,,,,,,,,,0.92,0.92,,-8.05,-1.6,3.76,89.61,12.66,,,,,,,,,78.6,No Band,183.53,False,Improving,-4.95,-6.54,
303,SILVERIETF,Cash (non-F&O),False,Unknown,2026-10-07,416,False,0,G+CHoCH,,"Beating Nifty: 1M -5.0% vs -5.4%, 3M -1.8% vs -5.4%; Change of character: closed below its last higher low ₹223.33 (minus 2 points); Next resistance ₹224.70 (3.0% above entry)","No entry setup (no breakout, retest, pullback or candle at support); Room to next resistance only 3.0% (need 6%)",,,0,,False,8.3,218.21,-1.34,,,,,30,190.0,224.7,2.97,False,False,False,False,False,False,True,False,False,False,False,True,,,,,,,,223.33,0.4,0.4,,-4.99,-1.82,3.54,373.5,71.17,,,,,,,,,223.33,No Band,55.23,False,No data,,,
304,FEDERALBNK,F&O,True,Financial Services,2026-10-07,502,False,0,,,Next resistance ₹334.30 (3.3% above entry),"No entry setup (no breakout, retest, pullback or candle at support); Room to next resistance only 3.3% (need 6%)",,,0,,False,7.28,323.5,1.09,,,,,30,302.0,334.3,3.34,False,False,False,False,False,False,False,False,False,False,False,False,,,,,,,,,1.55,1.55,,-6.0,-1.93,3.43,371.7,14.9,,,,,,,,,337.6,No Band,190.25,False,Improving,-4.95,-6.54,
305,TATATECH,Cash (non-F&O),False,Information Technology,2026-10-07,502,False,0,,,Next resistance ₹702.45 (0.7% above entry),"No entry setup (no breakout, retest, pullback or candle at support); Room to next resistance only 0.7% (need 6%)",,,0,,False,15.11,697.6,-0.78,,,,,30,690.0,702.45,0.7,False,False,False,False,False,False,False,False,False,False,False,False,,,,,,,,,0.39,0.39,,-12.64,-2.92,2.44,891.0,27.72,,,,,,,,,683.7,20,53.92,False,Weakening,-6.55,-1.42,
306,DIXON,F&O,True,Consumer Durables,2026-10-07,502,False,0,,,Next resistance ₹13766.00 (5.7% above entry),"No entry setup (no breakout, retest, pullback or candle at support); Room to next resistance only 5.7% (need 6%)",,,0,,False,6.47,13024.0,0.07,,,,,30,12930.0,13766.0,5.7,False,False,False,False,False,False,False,False,False,False,False,False,,,,,,,,,0.52,0.52,,-7.63,-2.96,2.4,17505.0,34.41,,,,,,,,,12850.0,No Band,387.47,False,Leading,-4.41,-2.96,
307,UNITDSPR,F&O,True,Fast Moving Consumer Goods,2026-10-07,502,False,0,,,Next resistance ₹1345.40 (0.1% above entry),"No entry setup (no breakout, retest, pullback or candle at support); Room to next resistance only 0.1% (need 6%)",,,0,,False,7.29,1344.0,-1.03,,,,,30,1342.1,1345.4,0.1,False,False,False,False,False,False,False,False,False,False,False,False,,,,,,,,,1.05,1.05,,-6.67,-3.01,2.35,1563.4,16.32,,,,,,,,,1368.1,No Band,133.38,False,Improving,-0.31,-9.53,
308,HINDCOPPER,Midcap 150,True,Metals & Mining,2026-10-07,502,False,0,,,Next resistance ₹500.80 (4.3% above entry),"No entry setup (no breakout, retest, pullback or candle at support); Room to next resistance only 4.3% (need 6%)",,,0,,False,13.14,479.95,-1.14,,,,,30,477.5,500.8,4.34,False,False,False,False,False,False,False,False,False,False,False,False,,,,,,,,,0.33,0.33,,-9.93,-3.75,1.61,760.05,58.36,,,,,,,,,477.5,20,280.1,False,Weakening,-7.11,-4.09,
309,MEDANTA,Midcap 150,True,Healthcare,2026-10-07,500,False,0,,,Next resistance ₹1369.70 (5.8% above entry),"Fell 18.0% from its 20-day high (more than 15%: a fall, not a dip); Room to next resistance only 5.8% (need 6%)",Low volume,Thin liquidity: Rs 37 cr/day avg,1,,True,18.0,1294.1,-0.52,,,,,30,1286.0,1369.7,5.84,False,False,False,False,False,False,False,False,False,False,False,False,,,,,,,,,1.88,1.88,Hammer,-9.03,-4.02,1.34,1544.0,19.31,,,,,,,,,1380.1,20,37.01,False,Leading,-3.21,-0.28,
310,KFINTECH,F&O,False,Financial Services,2026-10-07,502,False,0,,,Next resistance ₹876.90 (2.2% above entry),"No entry setup (no breakout, retest, pullback or candle at support); Room to next resistance only 2.2% (need 6%)",,,0,,False,8.39,858.0,-0.67,,,,,30,,876.9,2.2,False,False,False,False,False,False,False,False,False,False,False,False,,,,,,,,,0.73,0.73,,-7.25,-4.78,0.57,1215.0,41.61,,,,,,,,,872.5,No Band,46.24,False,Improving,-4.95,-6.54,
311,ASHOKLEY,F&O,True,Capital Goods,2026-10-07,502,False,0,,,Next resistance ₹152.94 (2.5% above entry),"No entry setup (no breakout, retest, pullback or candle at support); Room to next resistance only 2.5% (need 6%)",,,0,,False,11.96,149.2,-2.93,,,,,30,,152.94,2.51,False,False,False,False,False,False,False,False,False,False,False,False,,,,,,,,,1.08,1.08,,-11.72,-5.26,0.09,215.42,44.38,,,,,,,,,154.75,No Band,177.57,False,Leading,-1.68,1.99,
312,ESCORTS,Midcap 150,True,Capital Goods,2026-10-07,502,False,0,,,Next resistance ₹2866.30 (2.9% above entry),"No entry setup (no breakout, retest, pullback or candle at support); Room to next resistance only 2.9% (need 6%)",Low volume,Thin liquidity: Rs 24 cr/day avg,1,,False,7.78,2785.5,-0.93,,,,,30,2769.4,2866.3,2.9,False,False,False,False,False,False,False,False,False,False,False,False,,,,,,,,,0.45,0.45,,-7.56,-5.31,0.04,3987.8,43.16,,,,,,,,,2769.4,20,24.38,False,Leading,-1.68,1.99,
313,EICHERMOT,F&O,False,Automobile and Auto Components,2026-10-07,502,False,0,,,Next resistance ₹7073.00 (1.6% above entry),"No entry setup (no breakout, retest, pullback or candle at support); Room to next resistance only 1.6% (need 6%)",,,0,,False,11.29,6960.0,-1.29,,,,,30,,7073.0,1.62,False,False,False,False,False,False,False,False,False,False,False,False,,,,,,,,,0.83,0.83,,-10.16,-5.51,-0.15,8230.0,18.25,,,,,,,,,7406.0,No Band,236.11,False,Weakening,-7.53,-4.3,
314,BAJFINANCE,F&O,False,Financial Services,2026-10-07,502,False,0,,,Next resistance ₹975.70 (1.2% above entry),"No entry setup (no breakout, retest, pullback or candle at support); Room to next resistance only 1.2% (need 6%)",,,0,,False,8.8,963.85,0.08,,,,,30,948.4,975.7,1.23,False,False,False,False,False,False,False,False,False,False,False,False,,,,,,,,,1.85,1.85,,-8.56,-5.55,-0.2,1176.4,22.05,,,,,,,,,1034.8,No Band,624.41,False,Improving,-4.95,-6.54,
315,NIFTYBEES,Cash (non-F&O),False,Unknown,2026-10-07,500,False,0,,,Next resistance ₹274.00 (6.4% above entry),"No entry setup (no breakout, retest, pullback or candle at support)",,,0,,False,6.37,257.59,0.12,,,,,30,,274.0,6.37,False,False,False,False,False,True,False,False,False,False,False,False,,,,,,,,,0.85,0.85,,-5.02,-5.56,-0.21,302.25,17.34,,,,,,,,,262.79,No Band,181.94,False,No data,,,
316,TRANSRAILL,Cash (non-F&O),False,Capital Goods,2026-10-07,446,False,0,,,Next resistance ₹498.00 (3.9% above entry),"No entry setup (no breakout, retest, pullback or candle at support); Room to next resistance only 3.9% (need 6%)",,,0,,False,3.9,479.3,-0.64,,,,,30,478.8,498.0,3.9,False,False,False,False,False,False,False,False,False,False,False,False,,,,,,,,,0.3,0.3,,14.39,-5.66,-0.3,766.8,59.98,,,,,,,,,400.65,20,123.28,False,Leading,-1.68,1.99,
317,ITC,F&O,False,Fast Moving Consumer Goods,2026-10-07,502,False,0,,,Next resistance ₹271.05 (2.0% above entry),"No entry setup (no breakout, retest, pullback or candle at support); Room to next resistance only 2.0% (need 6%)",,,0,,False,2.01,265.7,-0.37,,,,,30,257.7,271.05,2.01,False,False,False,False,False,False,False,False,False,False,False,False,,,,,,,,,3.84,3.84,,0.83,-5.7,-0.34,426.4,60.48,,,,,,,,,257.7,No Band,397.71,False,Improving,-0.31,-9.53,
318,HINDALCO,F&O,False,Metals & Mining,2026-10-07,502,False,0,,,Next resistance ₹946.90 (4.0% above entry),"No entry setup (no breakout, retest, pullback or candle at support); Room to next resistance only 4.0% (need 6%)",,,0,,False,13.03,910.85,-3.15,,,,,30,864.0,946.9,3.96,False,False,False,False,False,False,False,False,False,False,False,False,,,,,,,,,1.06,1.06,,-9.73,-5.85,-0.49,1176.0,29.11,,,,,,,,,956.4,No Band,348.89,False,Weakening,-7.11,-4.09,
319,360ONE,F&O,True,Financial Services,2026-10-07,501,False,0,,,Next resistance ₹1088.50 (2.4% above entry),"No entry setup (no breakout, retest, pullback or candle at support); Room to next resistance only 2.4% (need 6%)",,,0,,False,5.55,1063.0,-0.61,,,,,30,1037.1,1088.5,2.4,False,False,False,False,False,False,False,False,False,False,False,False,,,,,,,,,0.26,0.26,,-4.23,-5.85,-0.49,1236.2,16.29,,,,,,,,,1037.1,No Band,95.96,False,Improving,-4.95,-6.54,
320,DALBHARAT,Midcap 150,True,Construction Materials,2026-10-07,500,False,0,,,Next resistance ₹1744.50 (6.4% above entry),"No entry setup (no breakout, retest, pullback or candle at support)",Low volume,Thin liquidity: Rs 14 cr/day avg,1,,False,10.63,1640.1,-2.53,,,,,30,1630.1,1744.5,6.37,False,False,False,False,False,True,False,False,False,False,False,False,,,,,,,,,0.6,0.6,,-4.31,-5.87,-0.51,2319.9,41.45,,,,,,,,,1630.1,20,13.58,False,Lagging,-5.54,-8.73,
321,NTPCGREEN,Midcap 150,True,Power,2026-10-07,467,False,0,,,Next resistance ₹91.10 (2.9% above entry),"No entry setup (no breakout, retest, pullback or candle at support); Room to next resistance only 2.9% (need 6%)",Low volume,Thin liquidity: Rs 24 cr/day avg,1,,False,8.44,88.51,-1.8,,,,,30,85.16,91.1,2.93,False,False,False,False,False,False,False,False,False,False,False,False,,,,,,,,,0.73,0.73,,0.08,-5.94,-0.58,119.95,35.52,,,,,,,,,85.16,20,24.05,False,Improving,-4.48,-10.61,
322,INDIGO,F&O,False,Services,2026-10-07,501,False,0,,,Next resistance ₹5007.80 (0.4% above entry),"No entry setup (no breakout, retest, pullback or candle at support); Room to next resistance only 0.4% (need 6%)",,,0,,False,1.59,4990.0,-1.2,,,,,30,4976.3,5007.8,0.36,False,False,False,False,False,False,False,False,False,False,False,False,,,,,,,,,2.97,2.97,,-0.2,-6.06,-0.71,5970.0,19.64,,,,,,,,,4845.0,No Band,297.59,False,Leading,2.35,6.69,
323,AXISBANK,F&O,False,Financial Services,2026-10-07,502,False,0,,,Next resistance ₹1257.60 (1.2% above entry),"No entry setup (no breakout, retest, pullback or candle at support); Room to next resistance only 1.2% (need 6%)",,,0,,False,1.33,1242.5,-0.44,,,,,30,1175.0,1257.6,1.22,False,False,False,False,False,False,False,False,False,False,False,False,,,,,,,,,1.87,1.87,,-0.19,-6.13,-0.78,1418.3,14.15,,,,,,,,,1175.0,No Band,655.18,False,Improving,-4.95,-6.54,
324,LICHSGFIN,F&O,True,Financial Services,2026-10-07,502,False,0,OB+CHoCH,,Back at a demand zone (order block) ₹485.45–₹499.95 from 24 Aug and holding; Change of character: closed below its last higher low ₹529.60 (minus 2 points); Next resistance ₹527.20 (2.3% above entry),"No entry setup (no breakout, retest, pullback or candle at support); Room to next resistance only 2.3% (need 6%)",F&O ban,F&O ban list (no new F&O positions; cash buying allowed),1,,False,11.89,515.4,2.67,,,,,30,,527.2,2.29,False,False,False,False,False,False,False,False,False,True,False,True,,485.45,499.95,2026-08-24,,,,529.6,0.94,0.94,,-8.45,-6.15,-0.79,598.2,16.07,,,,,,,,,529.6,No Band,172.42,False,Improving,-4.95,-6.54,
325,SCHAEFFLER,Midcap 150,True,Automobile and Auto Components,2026-10-07,501,False,0,,,Next resistance ₹3914.90 (3.1% above entry),"No entry setup (no breakout, retest, pullback or candle at support); Room to next resistance only 3.1% (need 6%)",Low volume,Thin liquidity: Rs 20 cr/day avg,1,,False,12.19,3797.0,-0.55,,,,,30,,3914.9,3.11,False,False,False,False,False,False,False,False,False,False,False,False,,,,,,,,,1.19,1.19,,-5.07,-6.16,-0.8,4467.7,17.66,,,,,,,,,3818.1,20,20.09,False,Weakening,-7.53,-4.3,
326,LT,F&O,False,Construction,2026-10-07,502,False,0,,,Next resistance ₹3945.00 (6.6% above entry),"No entry setup (no breakout, retest, pullback or candle at support)",,,0,,False,7.13,3701.5,-1.82,,,,,30,,3945.0,6.58,False,False,False,False,False,True,False,False,False,False,False,False,,,,,,,,,1.03,1.03,,-6.2,-6.19,-0.84,4440.0,19.95,,,,,,,,,3799.9,No Band,569.83,False,Lagging,-5.97,-13.62,
327,IOC,F&O,False,Oil Gas & Consumable Fuels,2026-10-07,502,False,0,,,Next resistance ₹139.30 (7.2% above entry),"No entry setup (no breakout, retest, pullback or candle at support)",,,0,,False,7.15,130.0,-1.22,,,,,30,,139.3,7.15,False,False,False,False,False,True,False,False,False,False,False,False,,,,,,,,,0.96,0.96,,-3.24,-6.45,-1.09,188.96,45.35,,,,,,,,,131.7,No Band,103.42,False,Leading,-1.92,-2.6,
328,PIRAMALFIN,Midcap 150,True,Financial Services,2026-10-07,231,False,0,,,Next resistance ₹1995.00 (0.7% above entry),"No entry setup (no breakout, retest, pullback or candle at support); Room to next resistance only 0.7% (need 6%)",,,0,,False,17.41,1981.5,-1.83,,,,,30,1954.5,1995.0,0.68,False,False,False,False,False,False,False,False,False,False,False,False,,,,,,,,,0.97,0.97,,-12.36,-6.45,-1.1,2326.4,17.41,,,,,,,,,1781.2,20,83.13,False,Improving,-4.95,-6.54,
329,FORCEMOT,F&O,False,Automobile and Auto Components,2026-10-07,502,False,0,Sweep+CHoCH,,Liquidity sweep: dipped 0.2% under ₹16561.00 and closed back above it; Change of character: closed below its last higher low ₹17150.00 (minus 2 points); Next resistance ₹17850.00 (5.3% above entry),"No entry setup (no breakout, retest, pullback or candle at support); Room to next resistance only 5.3% (need 6%)",,,0,,False,8.16,16956.0,-0.9,,,,,30,,17850.0,5.27,False,False,False,False,False,False,False,False,True,False,False,True,16561.0,,,,,,,17150.0,0.85,0.85,,-3.8,-6.68,-1.33,26450.0,55.99,,,,,,,,,17150.0,No Band,112.41,False,Weakening,-7.53,-4.3,
330,ICICIPRULI,F&O,True,Financial Services,2026-10-07,501,False,0,,,Next resistance ₹501.45 (9.6% above entry),"No entry setup (no breakout, retest, pullback or candle at support)",,,0,,False,9.61,457.5,-0.44,,,,,30,455.3,501.45,9.61,False,False,False,False,False,True,False,False,False,False,False,False,,,,,,,,,0.53,0.53,,-2.79,-6.77,-1.41,706.8,54.49,,,,,,,,,455.3,No Band,72.75,False,Improving,-4.95,-6.54,
331,PIDILITIND,F&O,False,Chemicals,2026-10-07,502,False,0,,,Next resistance ₹1506.00 (1.2% above entry),"No entry setup (no breakout, retest, pullback or candle at support); Room to next resistance only 1.2% (need 6%)",,,0,,False,7.42,1488.5,-2.1,,,,,30,1424.8,1506.0,1.18,False,False,False,False,False,False,False,False,False,False,False,False,,,,,,,,,0.93,0.93,,-6.56,-6.88,-1.53,1707.5,14.71,,,,,,,,,1521.1,No Band,90.13,False,Improving,-3.07,-7.5,
332,IDEA,F&O,False,Telecommunication,2026-10-07,502,False,0,Sweep+CHoCH,,Liquidity sweep: dipped 0.3% under ₹12.60 and closed back above it; Change of character: closed below its last higher low ₹13.93 (minus 2 points); Next resistance ₹14.55 (10.4% above entry),"No entry setup (no breakout, retest, pullback or candle at support)",,,0,,False,19.12,13.18,-0.23,,,,,30,12.8,14.55,10.39,False,False,False,False,False,True,False,False,True,False,False,True,12.6,,,,,,,13.93,0.99,0.99,,-14.53,-7.12,-1.76,15.79,19.8,,,,,,,,,13.93,No Band,514.8,False,Improving,-4.58,-7.51,
333,INFY,F&O,False,Information Technology,2026-10-07,502,False,0,,,Next resistance ₹1097.70 (10.7% above entry),"No entry setup (no breakout, retest, pullback or candle at support)",,,0,,False,10.66,992.0,-2.16,,,,,30,980.4,1097.7,10.66,False,False,False,False,False,True,False,False,False,False,False,False,,,,,,,,,0.81,0.81,,-8.32,-7.12,-1.76,1728.0,74.19,,,,,,,,,980.4,No Band,924.0,False,Weakening,-6.55,-1.42,
334,OBEROIRLTY,F&O,True,Realty,2026-10-07,500,False,0,,,Next resistance ₹1744.00 (0.5% above entry),"No entry setup (no breakout, retest, pullback or candle at support); Room to next resistance only 0.5% (need 6%)",,,0,,False,8.46,1736.0,-0.9,,,,,30,1715.0,1744.0,0.46,False,False,False,False,False,False,False,False,False,False,False,False,,,,,,,,,0.7,0.7,,-6.04,-7.32,-1.97,1986.1,14.41,,,,,,,,,1660.0,No Band,76.95,False,Improving,-4.44,-8.22,
335,AUBANK,F&O,True,Financial Services,2026-10-07,502,False,0,OB+CHoCH,,Back at a demand zone (order block) ₹960.00–₹989.30 from 23 Jul and holding; Change of character: closed below its last higher low ₹1015.10 (minus 2 points); Next resistance ₹1007.25 (1.4% above entry),"No entry setup (no breakout, retest, pullback or candle at support); Room to next resistance only 1.4% (need 6%)",,,0,,False,7.28,993.4,-3.37,,,,,30,922.9,1007.25,1.39,False,False,False,False,False,False,False,False,False,True,False,True,,960.0,989.3,2026-07-23,,,,1015.1,1.27,1.27,,-7.48,-7.34,-1.99,1144.1,15.17,,,,,,,,,1015.1,No Band,143.54,False,Improving,-4.95,-6.54,
336,SBILIFE,F&O,False,Financial Services,2026-10-07,502,False,0,,,Next resistance ₹1791.40 (3.8% above entry),"No entry setup (no breakout, retest, pullback or candle at support); Room to next resistance only 3.8% (need 6%)",,,0,,False,3.78,1726.1,-1.37,,,,,30,1652.9,1791.4,3.78,False,False,False,False,False,False,False,False,False,False,False,False,,,,,,,,,0.89,0.89,,1.74,-7.34,-1.99,2132.0,23.52,,,,,,,,,1652.9,No Band,200.65,False,Improving,-4.95,-6.54,
337,CANBK,F&O,False,Financial Services,2026-10-07,502,False,0,,,Next resistance ₹126.70 (6.3% above entry),"No entry setup (no breakout, retest, pullback or candle at support)",,,0,,False,7.09,119.15,1.13,,,,,30,,126.7,6.34,False,False,False,False,False,True,False,False,False,False,False,False,,,,,,,,,1.52,1.52,,-4.44,-7.48,-2.12,162.89,36.71,,,,,,,,,121.81,No Band,147.01,False,Improving,-4.95,-6.54,
338,RELIANCE,F&O,False,Oil Gas & Consumable Fuels,2026-10-07,502,False,0,,,Next resistance ₹1328.00 (10.0% above entry),"No entry setup (no breakout, retest, pullback or candle at support)",,,0,,False,6.43,1207.7,-0.85,,,,,30,,1328.0,9.96,False,False,False,False,False,True,False,False,False,False,False,False,,,,,,,,,1.01,1.01,,-6.73,-7.65,-2.3,1611.8,33.46,,,,,,,,,1271.0,No Band,1434.14,False,Leading,-1.92,-2.6,
339,MARICO,F&O,True,Fast Moving Consumer Goods,2026-10-07,502,False,0,,,Next resistance ₹792.90 (0.7% above entry),"No entry setup (no breakout, retest, pullback or candle at support); Room to next resistance only 0.7% (need 6%)",,,0,,False,5.84,787.25,-0.87,,,,,30,780.0,792.9,0.72,False,False,False,False,False,False,False,False,False,False,False,False,,,,,,,,,0.66,0.66,,-4.45,-7.65,-2.3,889.1,12.94,,,,,,,,,791.25,No Band,123.46,False,Improving,-0.31,-9.53,
340,CIPLA,F&O,False,Healthcare,2026-10-07,502,False,0,,,Next resistance ₹1341.70 (1.1% above entry),"No entry setup (no breakout, retest, pullback or candle at support); Room to next resistance only 1.1% (need 6%)",,,0,,False,7.07,1327.2,-0.97,,,,,30,1257.0,1341.7,1.09,False,False,False,False,False,False,False,False,False,False,False,False,,,,,,,,,0.92,0.92,,-4.1,-7.79,-2.44,1673.0,26.05,,,,,,,,,1344.3,No Band,126.76,False,Leading,-3.21,-0.28,
341,BHARTIHEXA,Midcap 150,True,Telecommunication,2026-10-07,502,False,0,,,Next resistance ₹1523.70 (3.1% above entry),"No entry setup (no breakout, retest, pullback or candle at support); Room to next resistance only 3.1% (need 6%)",Low volume,Thin liquidity: Rs 28 cr/day avg,1,,False,6.06,1477.9,6.57,,,,,30,1465.0,1523.7,3.1,False,False,False,False,False,False,False,False,False,False,False,False,,,,,,,,,12.52,12.52,,-4.61,-7.9,-2.55,1955.6,32.32,,,,,,,,,1465.0,20,28.16,False,Improving,-4.58,-7.51,
342,SBIN,F&O,False,Financial Services,2026-10-07,502,False,0,,,Next resistance ₹971.40 (1.8% above entry),"No entry setup (no breakout, retest, pullback or candle at support); Room to next resistance only 1.8% (need 6%)",,,0,,False,6.07,954.0,-0.5,,,,,30,,971.4,1.82,False,False,False,False,False,False,False,False,False,False,False,False,,,,,,,,,1.63,1.63,,-5.36,-7.92,-2.56,1234.7,29.42,,,,,,,,,968.0,No Band,773.2,False,Improving,-4.95,-6.54,
343,SUNPHARMA,F&O,False,Healthcare,2026-10-07,502,False,0,,,Next resistance ₹1806.60 (1.4% above entry),"No entry setup (no breakout, retest, pullback or candle at support); Room to next resistance only 1.4% (need 6%)",,,0,,False,6.2,1781.0,-1.28,,,,,30,1729.0,1806.6,1.44,False,False,False,False,False,False,False,False,False,False,False,False,,,,,,,,,0.78,0.78,,-5.56,-7.98,-2.63,2046.9,14.93,,,,,,,,,1828.0,No Band,269.16,False,Leading,-3.21,-0.28,
344,NTPC,F&O,False,Power,2026-10-07,502,False,0,,,Next resistance ₹325.95 (2.9% above entry),"No entry setup (no breakout, retest, pullback or candle at support); Room to next resistance only 2.9% (need 6%)",,,0,,False,6.16,316.75,-1.46,,,,,30,,325.95,2.9,False,False,False,False,False,False,False,False,False,False,False,False,,,,,,,,,0.9,0.9,,-4.25,-8.07,-2.71,414.4,30.83,,,,,,,,,321.0,No Band,220.09,False,Improving,-4.48,-10.61,
345,ANURAS,Cash (non-F&O),False,Chemicals,2026-10-07,501,False,0,,,Next resistance ₹1224.00 (5.1% above entry),"No entry setup (no breakout, retest, pullback or candle at support); Room to next resistance only 5.1% (need 6%)",,,0,,False,6.04,1165.1,-0.44,,,,,30,1165.0,1224.0,5.06,False,False,False,False,False,False,False,False,False,False,False,False,,,,,,,,,0.1,0.1,,-5.54,-8.12,-2.76,1415.0,21.45,,,,,,,,,1115.8,20,67.65,False,Improving,-3.07,-7.5,
346,TATASTEEL,F&O,False,Metals & Mining,2026-10-07,502,False,0,,,Next resistance ₹184.00 (4.8% above entry),"No entry setup (no breakout, retest, pullback or candle at support); Room to next resistance only 4.8% (need 6%)",,,0,,False,9.2,175.64,-1.71,,,,,30,173.17,184.0,4.76,False,False,False,False,False,False,False,False,False,False,False,False,,,,,,,,,0.79,0.79,,-4.62,-8.13,-2.78,224.4,27.76,,,,,,,,,180.28,No Band,415.85,False,Weakening,-7.11,-4.09,
347,BEL,F&O,False,Capital Goods,2026-10-07,502,False,0,,,Next resistance ₹407.55 (7.7% above entry),"No entry setup (no breakout, retest, pullback or candle at support)",,,0,,False,7.64,378.3,-2.35,,,,,30,,407.55,7.73,False,False,False,False,False,True,False,False,False,False,False,False,,,,,,,,,1.54,1.54,,-7.86,-8.81,-3.45,473.45,25.15,,,,,,,,,382.1,No Band,350.22,False,Leading,-1.68,1.99,
348,ABCAPITAL,F&O,True,Financial Services,2026-10-07,502,False,0,,,Next resistance ₹375.95 (1.0% above entry),"No entry setup (no breakout, retest, pullback or candle at support); Room to next resistance only 1.0% (need 6%)",,,0,,False,10.2,372.1,-1.79,,,,,30,369.8,375.95,1.03,False,False,False,False,False,False,False,False,False,False,False,False,,,,,,,,,1.73,1.73,,-6.26,-8.87,-3.51,430.7,15.75,,,,,,,,,378.0,No Band,102.5,False,Improving,-4.95,-6.54,
349,BALKRISIND,Midcap 150,True,Automobile and Auto Components,2026-10-07,500,False,0,,,Next resistance ₹2229.00 (11.1% above entry),"No entry setup (no breakout, retest, pullback or candle at support)",Low volume,Thin liquidity: Rs 42 cr/day avg,1,,False,14.42,2006.6,-3.65,,,,,30,,2229.0,11.08,False,False,False,False,False,True,False,False,False,False,False,False,,,,,,,,,1.49,1.49,,-12.26,-8.87,-3.51,2775.0,38.29,,,,,,,,,2100.1,20,42.12,False,Weakening,-7.53,-4.3,
350,SBICARD,F&O,True,Financial Services,2026-10-07,502,False,0,,,Next resistance ₹638.70 (14.6% above entry),"No entry setup (no breakout, retest, pullback or candle at support)",,,0,,False,20.38,557.4,-2.11,,,,,30,,638.7,14.59,False,False,False,False,False,True,False,False,False,False,False,False,,,,,,,,,1.02,1.02,,-16.56,-8.87,-3.51,965.0,73.13,,,,,,,,,612.6,No Band,69.38,False,Improving,-4.95,-6.54,
351,AMBER,F&O,False,Consumer Durables,2026-10-07,501,False,0,,,Next resistance ₹7505.00 (8.4% above entry),"No entry setup (no breakout, retest, pullback or candle at support)",,,0,,False,6.32,6925.0,0.82,,,,,30,6860.0,7505.0,8.38,False,False,False,False,False,True,False,False,False,False,False,False,,,,,,,,,0.76,0.76,,-6.91,-8.89,-3.53,8974.0,29.59,,,,,,,,,6826.5,No Band,81.2,False,Leading,-4.41,-2.96,
352,BAJAJFINSV,F&O,False,Financial Services,2026-10-07,502,False,0,,,Next resistance ₹1801.80 (3.4% above entry),"No entry setup (no breakout, retest, pullback or candle at support); Room to next resistance only 3.4% (need 6%)",,,0,,False,11.44,1743.3,-0.52,,,,,30,1702.1,1801.8,3.36,False,False,False,False,False,False,False,False,False,False,False,False,,,,,,,,,1.31,1.31,,-10.05,-9.01,-3.66,2195.0,25.91,,,,,,,,,1702.1,No Band,138.15,False,Improving,-4.95,-6.54,
353,WIPRO,F&O,False,Information Technology,2026-10-07,502,False,0,,,Next resistance ₹173.35 (8.6% above entry),"No entry setup (no breakout, retest, pullback or candle at support)",,,0,,False,8.62,159.6,-1.38,,,,,30,156.79,173.35,8.62,False,False,False,False,False,True,False,False,False,False,False,False,,,,,,,,,0.63,0.63,,-6.94,-9.04,-3.68,273.1,71.12,,,,,,,,,156.79,No Band,316.87,False,Weakening,-6.55,-1.42,
354,LODHA,F&O,True,Realty,2026-10-07,502,False,0,,,Next resistance ₹1113.20 (0.3% above entry),"No entry setup (no breakout, retest, pullback or candle at support); Room to next resistance only 0.3% (need 6%)",,,0,,False,6.14,1109.4,-2.31,,,,,30,1047.5,1113.2,0.34,False,False,False,False,False,False,False,False,False,False,False,False,,,,,,,,,1.01,1.01,,-8.47,-9.12,-3.77,1344.95,21.23,,,,,,,,,1047.5,No Band,215.96,False,Improving,-4.44,-8.22,
355,NHPC,F&O,True,Power,2026-10-07,502,False,0,Sweep+CHoCH,,Liquidity sweep: dipped 0.7% under ₹71.62 and closed back above it; Change of character: closed below its last higher low ₹74.99 (minus 2 points); Next resistance ₹76.48 (5.5% above entry),"No entry setup (no breakout, retest, pullback or candle at support); Room to next resistance only 5.5% (need 6%)",,,0,,False,6.76,72.5,-0.83,,,,,30,,76.48,5.49,False,False,False,False,False,False,False,False,True,False,False,True,71.62,,,,,,,74.99,0.52,0.52,,-4.48,-9.17,-3.82,88.12,21.54,,,,,,,,,74.99,No Band,60.48,False,Improving,-4.48,-10.61,
356,ONGC,F&O,False,Oil Gas & Consumable Fuels,2026-10-07,502,False,0,,,Next resistance ₹239.00 (7.7% above entry),"No entry setup (no breakout, retest, pullback or candle at support)",,,0,,False,9.59,221.88,-1.03,,,,,30,,239.0,7.72,False,False,False,False,False,True,False,False,False,False,False,False,,,,,,,,,1.29,1.29,,-5.98,-9.42,-4.07,307.5,38.59,,,,,,,,,231.25,No Band,256.41,False,Leading,-1.92,-2.6,
357,TATAPOWER,F&O,False,Power,2026-10-07,502,False,0,Sweep+CHoCH,,Liquidity sweep: dipped 0.4% under ₹342.50 and closed back above it; Change of character: closed below its last higher low ₹360.20 (minus 2 points); Next resistance ₹377.65 (9.4% above entry),"No entry setup (no breakout, retest, pullback or candle at support)",,,0,,False,9.42,345.15,-1.85,,,,,30,,377.65,9.42,False,False,False,False,False,True,False,False,True,False,False,True,342.5,,,,,,,360.2,1.52,1.52,,-5.58,-9.48,-4.13,464.9,34.7,,,,,,,,,360.2,No Band,122.9,False,Improving,-4.48,-10.61,
358,MANAPPURAM,F&O,False,Financial Services,2026-10-07,502,False,0,,,Next resistance ₹313.25 (1.4% above entry),"No entry setup (no breakout, retest, pullback or candle at support); Room to next resistance only 1.4% (need 6%)",,,0,,False,8.48,308.9,-0.42,,,,,30,302.45,313.25,1.41,False,False,False,False,False,False,False,False,False,False,False,False,,,,,,,,,1.02,1.02,,-4.95,-9.49,-4.14,381.55,23.52,,,,,,,,,310.0,No Band,131.87,False,Improving,-4.95,-6.54,
359,NESTLEIND,F&O,False,Fast Moving Consumer Goods,2026-10-07,501,False,0,,,Next resistance ₹1332.70 (0.7% above entry),"No entry setup (no breakout, retest, pullback or candle at support); Room to next resistance only 0.7% (need 6%)",,,0,,False,6.19,1324.0,-1.3,,,,,30,1311.6,1332.7,0.66,False,False,False,False,False,False,False,False,False,False,False,False,,,,,,,,,1.19,1.19,,-5.29,-9.51,-4.16,1553.0,17.3,,,,,,,,,1332.8,No Band,160.86,False,Improving,-0.31,-9.53,
360,EMAMILTD,Cash (non-F&O),False,Fast Moving Consumer Goods,2026-10-07,501,False,0,,,Next resistance ₹404.80 (7.8% above entry),"No entry setup (no breakout, retest, pullback or candle at support)",,,0,,False,8.58,375.45,-2.23,,,,,30,361.15,404.8,7.82,False,False,False,False,False,True,False,False,False,False,False,False,,,,,,,,,0.55,0.55,,2.15,-9.55,-4.2,558.55,48.77,,,,,,,,,361.15,20,105.72,False,Improving,-0.31,-9.53,
361,ADANIPOWER,F&O,False,Power,2026-10-07,502,False,0,,,Next resistance ₹213.80 (8.6% above entry),"No entry setup (no breakout, retest, pullback or candle at support)",,,0,,False,9.31,196.94,-2.7,,,,,30,192.45,213.8,8.56,False,False,False,False,False,True,False,False,False,False,False,False,,,,,,,,,1.08,1.08,,-5.5,-9.85,-4.49,254.2,29.07,,,,,,,,,192.45,No Band,338.5,False,Improving,-4.48,-10.61,
362,IRCTC,Midcap 150,True,Consumer Services,2026-10-07,502,False,0,,,Next resistance ₹480.00 (5.8% above entry),"No entry setup (no breakout, retest, pullback or candle at support); Room to next resistance only 5.8% (need 6%)",Low volume,Thin liquidity: Rs 33 cr/day avg,1,,False,5.81,453.65,-0.25,,,,,30,446.5,480.0,5.81,False,False,False,False,False,False,False,False,False,False,False,False,,,,,,,,,1.05,1.05,,-3.98,-9.86,-4.5,735.75,62.18,,,,,,,,,446.5,20,33.33,False,Leading,-2.07,0.96,
363,WABAG,Cash (non-F&O),False,Utilities,2026-10-07,502,False,0,,,Next resistance ₹2141.90 (7.2% above entry),"No entry setup (no breakout, retest, pullback or candle at support)",,,0,,False,16.05,1998.3,-0.43,,,,,30,1956.8,2141.9,7.19,False,False,False,False,False,True,False,False,False,False,False,False,,,,,,,,,0.54,0.54,,-0.5,-10.04,-4.68,2319.0,16.05,,,,,,,,,1956.8,20,120.43,False,No data,,,
364,IOB,Midcap 150,True,Financial Services,2026-10-07,502,False,0,,,Next resistance ₹33.53 (8.1% above entry),"No entry setup (no breakout, retest, pullback or candle at support)",Low volume,Thin liquidity: Rs 8 cr/day avg,1,,False,7.32,31.03,-1.37,,,,,30,,33.53,8.06,False,False,False,False,False,True,False,False,False,False,False,False,,,,,,,,,1.25,1.25,,-6.93,-10.27,-4.91,41.8,34.71,,,,,,,,,31.83,20,8.21,False,Improving,-4.95,-6.54,
365,APOLLOHOSP,F&O,False,Healthcare,2026-10-07,502,False,0,Sweep+CHoCH,,Liquidity sweep: dipped 1.1% under ₹7891.00 and closed back above it; Change of character: closed below its last higher low ₹8672.50 (minus 2 points); Next resistance ₹8099.50 (2.3% above entry),"No entry setup (no breakout, retest, pullback or candle at support); Room to next resistance only 2.3% (need 6%)",,,0,,False,14.57,7917.0,0.03,,,,,30,7891.0,8099.5,2.31,False,False,False,False,False,False,False,False,True,False,False,True,7891.0,,,,,,,8672.5,1.12,1.12,,-10.42,-10.45,-5.1,9070.5,14.57,,,,,,,,,8672.5,No Band,418.34,False,Leading,-3.21,-0.28,
366,PGEL,F&O,False,Consumer Durables,2026-10-07,502,False,0,,,Next resistance ₹546.90 (4.8% above entry),"No entry setup (no breakout, retest, pullback or candle at support); Room to next resistance only 4.8% (need 6%)",,,0,,False,5.03,522.0,-1.07,,,,,30,513.0,546.9,4.77,False,False,False,False,False,False,False,False,False,False,False,False,,,,,,,,,0.93,0.93,,-5.73,-10.49,-5.13,644.4,23.45,,,,,,,,,513.0,No Band,52.74,False,Leading,-4.41,-2.96,
367,M&M,F&O,False,Automobile and Auto Components,2026-10-07,502,False,0,,,Next resistance ₹3167.00 (13.1% above entry),"No entry setup (no breakout, retest, pullback or candle at support)",,,0,,False,12.39,2800.0,-1.93,,,,,30,,3167.0,13.11,False,False,False,False,False,True,False,False,False,False,False,False,,,,,,,,,1.59,1.59,,-11.39,-10.53,-5.17,3839.9,37.14,,,,,,,,,3029.5,No Band,662.56,False,Weakening,-7.53,-4.3,
368,JIOFIN,F&O,False,Financial Services,2026-10-07,502,False,0,,,Next resistance ₹234.00 (8.1% above entry),"No entry setup (no breakout, retest, pullback or candle at support)",,,0,,False,8.11,216.44,-0.67,,,,,30,,234.0,8.11,False,False,False,False,False,True,False,False,False,False,False,False,,,,,,,,,0.84,0.84,,-7.17,-10.55,-5.19,316.85,46.39,,,,,,,,,224.84,No Band,268.41,False,Improving,-4.95,-6.54,
369,SRF,F&O,True,Chemicals,2026-10-07,501,False,0,,,Next resistance ₹2569.90 (4.5% above entry),"No entry setup (no breakout, retest, pullback or candle at support); Room to next resistance only 4.5% (need 6%)",,,0,,False,4.47,2460.0,-0.4,,,,,30,2417.9,2569.9,4.47,False,False,False,False,False,False,False,False,False,False,False,False,,,,,,,,,0.96,0.96,,-3.38,-10.77,-5.41,3210.0,30.49,,,,,,,,,2417.9,No Band,52.56,False,Improving,-3.07,-7.5,
370,HAVELLS,F&O,True,Consumer Durables,2026-10-07,502,False,0,,,Next resistance ₹1132.40 (6.8% above entry),"No entry setup (no breakout, retest, pullback or candle at support)",,,0,,False,6.78,1060.5,0.33,,,,,30,1015.1,1132.4,6.78,False,False,False,False,False,True,False,False,False,False,False,False,,,,,,,,,0.67,0.67,,-6.97,-10.76,-5.41,1520.0,43.33,,,,,,,,,1015.1,No Band,77.16,False,Leading,-4.41,-2.96,
371,CDSL,F&O,False,Financial Services,2026-10-07,502,False,0,,,Next resistance ₹1362.00 (6.8% above entry),"No entry setup (no breakout, retest, pullback or candle at support)",,,0,,False,9.36,1275.0,0.92,,,,,30,1269.3,1362.0,6.82,False,False,False,False,False,True,False,False,False,False,False,False,,,,,,,,,1.02,1.02,,-8.93,-10.96,-5.6,1673.7,31.27,,,,,,,,,1284.0,No Band,128.86,False,Improving,-4.95,-6.54,
372,VAML,Cash (non-F&O),False,Metals & Mining,2026-10-07,83,False,0,,,Next resistance ₹449.70 (14.1% above entry),"No entry setup (no breakout, retest, pullback or candle at support)",New listing,"Short history: 83 sessions, limited price structure",1,,False,21.57,394.0,-1.76,,,,,30,,449.7,14.14,False,False,False,False,False,True,False,False,False,False,False,False,,,,,,,,,0.36,0.36,,-9.76,-11.17,-5.82,537.0,36.29,,,,,,,,,401.15,20,386.45,False,Weakening,-7.11,-4.09,
373,TATAINVEST,Midcap 150,True,Financial Services,2026-10-07,502,False,0,,,Next resistance ₹656.40 (6.7% above entry),"No entry setup (no breakout, retest, pullback or candle at support)",,,0,,False,21.97,615.3,-1.42,,,,,30,,656.4,6.68,False,False,False,False,False,True,False,False,False,False,False,False,,,,,,,,,0.09,0.09,,-1.09,-11.31,-5.95,1082.0,75.85,,,,,,,,,616.1,20,169.84,False,Improving,-4.95,-6.54,
374,COCHINSHIP,F&O,True,Capital Goods,2026-10-07,502,False,0,,,Next resistance ₹1411.00 (12.4% above entry),"No entry setup (no breakout, retest, pullback or candle at support)",,,0,,False,25.23,1255.1,-2.1,,,,,30,,1411.0,12.42,False,False,False,False,False,True,False,False,False,False,False,False,,,,,,,,,0.83,0.83,,-17.87,-11.49,-6.13,1864.0,48.51,,,,,,,,,1290.9,No Band,149.15,False,Leading,-1.68,1.99,
375,IEX,F&O,False,Financial Services,2026-10-07,502,False,0,,,Next resistance ₹115.56 (9.2% above entry),"No entry setup (no breakout, retest, pullback or candle at support)",,,0,,False,12.07,105.85,0.94,,,,,30,,115.56,9.17,False,False,False,False,False,True,False,False,False,False,False,False,,,,,,,,,2.51,2.51,Inside-day breakout,-9.17,-11.53,-6.17,160.27,51.41,,,,,,,,,110.35,No Band,35.4,False,Improving,-4.95,-6.54,
376,GODFRYPHLP,F&O,True,Fast Moving Consumer Goods,2026-10-07,502,False,0,,,Next resistance ₹2019.10 (8.4% above entry),"No entry setup (no breakout, retest, pullback or candle at support)",,,0,,False,8.41,1862.4,-1.98,,,,,30,,2019.1,8.41,False,False,False,False,False,True,False,False,False,False,False,False,,,,,,,,,0.72,0.72,,-7.34,-11.96,-6.6,3467.7,86.2,,,,,,,,,1895.0,No Band,31.51,False,Improving,-0.31,-9.53,
377,CAMS,F&O,False,Financial Services,2026-10-07,502,False,0,,,Next resistance ₹725.05 (4.4% above entry),"No entry setup (no breakout, retest, pullback or candle at support); Room to next resistance only 4.4% (need 6%)",,,0,,False,5.47,694.6,0.1,,,,,30,682.0,725.05,4.38,False,False,False,False,False,False,False,False,False,False,False,False,,,,,,,,,0.87,0.87,,-4.78,-12.13,-6.78,844.9,21.64,,,,,,,,,665.05,No Band,79.38,False,Improving,-4.95,-6.54,
378,JSWENERGY,F&O,True,Power,2026-10-07,502,False,0,,,Next resistance ₹487.80 (0.5% above entry),"No entry setup (no breakout, retest, pullback or candle at support); Room to next resistance only 0.5% (need 6%)",,,0,,False,10.01,485.45,-1.91,,,,,30,,487.8,0.48,False,False,False,False,False,False,False,False,False,False,False,False,,,,,,,,,1.52,1.52,,-7.8,-12.29,-6.93,617.35,27.17,,,,,,,,,503.05,No Band,78.14,False,Improving,-4.48,-10.61,
379,JPPOWER,Cash (non-F&O),False,Power,2026-10-07,502,False,0,,,Next resistance ₹15.83 (6.5% above entry),"No entry setup (no breakout, retest, pullback or candle at support)",,,0,,False,17.7,14.86,-0.93,,,,,30,,15.83,6.53,False,False,False,False,False,True,False,False,False,False,False,False,,,,,,,,,0.7,0.7,,-9.88,-12.69,-7.34,24.5,64.87,,,,,,,,,15.17,20,102.09,False,Improving,-4.48,-10.61,
380,FACT,Midcap 150,True,Chemicals,2026-10-07,502,False,0,,,Next resistance ₹822.35 (10.1% above entry),"No entry setup (no breakout, retest, pullback or candle at support)",Low volume,Thin liquidity: Rs 14 cr/day avg,1,,False,10.09,746.95,-1.59,,,,,30,740.05,822.35,10.09,False,False,False,False,False,True,False,False,False,False,False,False,,,,,,,,,0.3,0.3,,-5.59,-12.69,-7.34,1058.6,41.72,,,,,,,,,740.05,20,13.91,False,Improving,-3.07,-7.5,
381,LICI,F&O,True,Financial Services,2026-10-07,502,False,0,Sweep+CHoCH,,Liquidity sweep: dipped 0.9% under ₹385.90 and closed back above it; Change of character: closed below its last higher low ₹386.50 (minus 2 points); Next resistance ₹407.88 (5.6% above entry),"No entry setup (no breakout, retest, pullback or candle at support); Room to next resistance only 5.6% (need 6%)",,,0,,False,8.15,386.3,-0.95,,,,,30,,407.88,5.59,False,False,False,False,False,False,False,False,True,False,False,True,385.9,,,,,,,386.5,0.63,0.63,,-5.95,-12.81,-7.45,468.48,21.27,,,,,,,,,386.5,No Band,266.11,False,Improving,-4.95,-6.54,
382,TATACONSUM,F&O,False,Fast Moving Consumer Goods,2026-10-07,502,False,0,,,Next resistance ₹1020.30 (5.3% above entry),"No entry setup (no breakout, retest, pullback or candle at support); Room to next resistance only 5.3% (need 6%)",,,0,,False,5.35,968.5,-0.77,,,,,30,,1020.3,5.35,False,False,False,False,False,False,False,False,False,False,False,False,,,,,,,,,0.45,0.45,,-4.5,-12.9,-7.54,1282.7,32.44,,,,,,,,,1054.3,No Band,114.88,False,Improving,-0.31,-9.53,
383,ICICIGI,F&O,True,Financial Services,2026-10-07,502,False,0,,,Next resistance ₹1650.00 (3.8% above entry),"No entry setup (no breakout, retest, pullback or candle at support); Room to next resistance only 3.8% (need 6%)",,,0,,False,1.13,1590.0,-0.52,,,,,30,1423.1,1650.0,3.77,False,False,False,False,False,False,False,False,False,False,False,False,,,,,,,,,1.01,1.01,,7.11,-12.93,-7.58,2064.9,29.87,,,,,,,,,1423.1,No Band,132.01,False,Improving,-4.95,-6.54,
384,ADANIENT,F&O,False,Metals & Mining,2026-10-07,502,False,0,,,Next resistance ₹2803.10 (2.2% above entry),"No entry setup (no breakout, retest, pullback or candle at support); Room to next resistance only 2.2% (need 6%)",,,0,,False,13.54,2743.0,-3.75,,,,,30,2600.0,2803.1,2.19,False,False,False,False,False,False,False,False,False,False,False,False,,,,,,,,,1.17,1.17,,-7.11,-13.12,-7.77,3245.0,18.3,,,,,,,,,2830.5,No Band,383.94,False,Weakening,-7.11,-4.09,
385,YESBANK,F&O,True,Financial Services,2026-10-07,502,False,0,Sweep+CHoCH,,Liquidity sweep: dipped 0.4% under ₹20.71 and closed back above it; Change of character: closed below its last higher low ₹22.07 (minus 2 points); Next resistance ₹21.33 (2.6% above entry),"No entry setup (no breakout, retest, pullback or candle at support); Room to next resistance only 2.6% (need 6%)",,,0,,False,15.92,20.79,-0.34,,,,,30,20.71,21.33,2.6,False,False,False,False,False,False,False,False,True,False,False,True,20.71,,,,,,,22.07,0.94,0.94,,-7.68,-13.16,-7.8,25.78,24.0,,,,,,,,,22.07,No Band,179.65,False,Improving,-4.95,-6.54,
386,HINDPETRO,F&O,True,Oil Gas & Consumable Fuels,2026-10-07,502,False,0,,,Next resistance ₹357.70 (4.2% above entry),"No entry setup (no breakout, retest, pullback or candle at support); Room to next resistance only 4.2% (need 6%)",,,0,,False,6.43,343.15,-2.24,,,,,30,337.2,357.7,4.24,False,False,False,False,False,False,False,False,False,False,False,False,,,,,,,,,1.28,1.28,,-1.11,-13.19,-7.84,508.45,48.17,,,,,,,,,337.2,No Band,121.14,False,Leading,-1.92,-2.6,
387,HINDUNILVR,F&O,False,Fast Moving Consumer Goods,2026-10-07,502,False,0,,,Next resistance ₹2051.90 (10.0% above entry),"No entry setup (no breakout, retest, pullback or candle at support)",,,0,,False,5.98,1865.4,-1.57,,,,,30,,2051.9,10.0,False,False,False,False,False,True,False,False,False,False,False,False,,,,,,,,,0.52,0.52,,-5.79,-13.26,-7.91,2667.2,42.98,,,,,,,,,1926.2,No Band,217.93,False,Improving,-0.31,-9.53,
388,GICRE,Midcap 150,True,Financial Services,2026-10-07,502,False,0,,,Next resistance ₹353.25 (11.6% above entry),"No entry setup (no breakout, retest, pullback or candle at support)",Low volume,Thin liquidity: Rs 16 cr/day avg,1,,False,11.59,316.55,0.73,,,,,30,,353.25,11.59,False,False,False,False,False,True,False,False,False,False,False,False,,,,,,,,,1.31,1.31,,-9.06,-13.27,-7.92,417.95,32.03,,,,,,,,,337.0,20,16.48,False,Improving,-4.95,-6.54,
389,CUMMINSIND,F&O,False,Capital Goods,2026-10-07,502,False,0,,,Next resistance ₹4987.00 (2.4% above entry),"No entry setup (no breakout, retest, pullback or candle at support); Room to next resistance only 2.4% (need 6%)",,,0,,False,7.49,4872.2,-0.95,,,,,30,4775.0,4987.0,2.36,False,False,False,False,False,False,False,False,False,False,False,False,,,,,,,,,1.55,1.55,,-3.33,-13.33,-7.97,6100.0,25.2,,,,,,,,,4741.0,No Band,207.17,False,Leading,-1.68,1.99,
390,LINDEINDIA,Midcap 150,True,Chemicals,2026-10-07,501,False,0,Sweep+CHoCH,,Liquidity sweep: dipped 0.6% under ₹6024.50 and closed back above it; Change of character: closed below its last higher low ₹6102.50 (minus 2 points); Next resistance ₹6105.00 (0.2% above entry),"No entry setup (no breakout, retest, pullback or candle at support); Room to next resistance only 0.2% (need 6%)",Low volume,Thin liquidity: Rs 12 cr/day avg,1,,False,6.33,6094.0,-0.95,,,,,30,,6105.0,0.18,False,False,False,False,False,False,False,False,True,False,False,True,6024.5,,,,,,,6102.5,0.3,0.3,,-4.48,-13.35,-8.0,8049.0,32.08,,,,,,,,,6102.5,20,11.96,False,Improving,-3.07,-7.5,
391,DABUR,F&O,True,Fast Moving Consumer Goods,2026-10-07,502,False,0,,,Next resistance ₹395.45 (3.1% above entry),"No entry setup (no breakout, retest, pullback or candle at support); Room to next resistance only 3.1% (need 6%)",,,0,,False,3.1,383.55,-1.38,,,,,30,368.05,395.45,3.1,False,False,False,False,False,False,False,False,False,False,False,False,,,,,,,,,1.09,1.09,,2.28,-13.52,-8.16,534.0,39.23,,,,,,,,,368.05,No Band,85.07,False,Improving,-0.31,-9.53,
392,ZENSARTECH,Cash (non-F&O),False,Information Technology,2026-10-07,502,False,0,,,Next resistance ₹473.65 (7.8% above entry),"No entry setup (no breakout, retest, pullback or candle at support)",,,0,,False,9.24,439.3,-1.38,,,,,30,416.15,473.65,7.82,False,False,False,False,False,True,False,False,False,False,False,False,,,,,,,,,0.13,0.13,,-2.5,-13.57,-8.21,822.0,87.12,,,,,,,,,416.15,20,160.84,False,Weakening,-6.55,-1.42,
393,NAM-INDIA,F&O,True,Financial Services,2026-10-07,502,False,0,,,Next resistance ₹1065.00 (1.7% above entry),"No entry setup (no breakout, retest, pullback or candle at support); Room to next resistance only 1.7% (need 6%)",,,0,,False,14.06,1047.2,-2.45,,,,,30,1009.0,1065.0,1.7,False,False,False,False,False,False,False,False,False,False,False,False,,,,,,,,,1.18,1.18,,-11.92,-13.65,-8.29,1269.5,21.23,,,,,,,,,1106.0,No Band,90.63,False,Improving,-4.95,-6.54,
394,PHOENIXLTD,F&O,True,Realty,2026-10-07,500,False,0,,,Next resistance ₹1855.90 (0.6% above entry),"No entry setup (no breakout, retest, pullback or candle at support); Room to next resistance only 0.6% (need 6%)",,,0,,False,10.3,1845.5,-2.02,,,,,30,1834.9,1855.9,0.56,False,False,False,False,False,False,False,False,False,False,False,False,,,,,,,,,0.71,0.71,,-2.1,-13.72,-8.36,2169.8,17.57,,,,,,,,,1820.2,No Band,74.68,False,Improving,-4.44,-8.22,
395,ELECON,Cash (non-F&O),False,Capital Goods,2026-10-07,501,False,0,,,Next resistance ₹452.00 (2.4% above entry),"No entry setup (no breakout, retest, pullback or candle at support); Room to next resistance only 2.4% (need 6%)",,,0,,False,10.93,441.25,-1.13,,,,,30,436.0,452.0,2.44,False,False,False,False,False,False,False,False,False,False,False,False,,,,,,,,,0.11,0.11,,3.41,-13.88,-8.52,626.0,41.87,,,,,,,,,402.4,20,107.53,False,Leading,-1.68,1.99,
396,BIOCON,F&O,True,Healthcare,2026-10-07,502,False,0,,,Next resistance ₹385.25 (7.0% above entry),"No entry setup (no breakout, retest, pullback or candle at support)",,,0,,False,10.54,360.0,-2.47,,,,,30,,385.25,7.01,False,False,False,False,False,True,False,False,False,False,False,False,,,,,,,,,1.4,1.4,,-8.23,-13.98,-8.62,447.15,24.21,,,,,,,,,370.5,No Band,108.77,False,Leading,-3.21,-0.28,
397,NMDC,F&O,True,Metals & Mining,2026-10-07,502,False,0,,,Next resistance ₹77.14 (6.0% above entry),"No entry setup (no breakout, retest, pullback or candle at support); Room to next resistance only 6.0% (need 6%)",,,0,,False,18.3,72.8,-2.12,,,,,30,,77.14,5.96,False,False,False,False,False,False,False,False,False,False,False,False,,,,,,,,,1.37,1.37,,-14.06,-14.27,-8.92,97.49,33.91,,,,,,,,,79.15,No Band,86.55,False,Weakening,-7.11,-4.09,
398,COLPAL,F&O,True,Fast Moving Consumer Goods,2026-10-07,502,False,0,,,Next resistance ₹1897.60 (8.0% above entry),"No entry setup (no breakout, retest, pullback or candle at support)",,,0,,False,9.13,1757.4,-2.87,,,,,30,,1897.6,7.98,False,False,False,False,False,True,False,False,False,False,False,False,,,,,,,,,0.45,0.45,,-3.43,-14.37,-9.02,2329.9,32.58,,,,,,,,,1782.1,No Band,71.57,False,Improving,-0.31,-9.53,
399,MFSL,F&O,True,Financial Services,2026-10-07,501,False,0,,,Next resistance ₹1548.50 (15.1% above entry),"No entry setup (no breakout, retest, pullback or candle at support)",,,0,,False,18.34,1345.1,-1.17,,,,,30,,1548.5,15.12,False,False,False,False,False,True,False,False,False,False,False,False,,,,,,,,,0.53,0.53,,-11.51,-14.69,-9.34,1892.5,40.7,,,,,,,,,1423.6,No Band,214.17,False,Improving,-4.95,-6.54,
400,HDFCBANK,F&O,False,Financial Services,2026-10-07,502,False,0,,,Next resistance ₹739.75 (5.3% above entry),"No entry setup (no breakout, retest, pullback or candle at support); Room to next resistance only 5.3% (need 6%)",,,0,,False,6.62,702.75,-1.22,,,,,30,681.9,739.75,5.27,False,False,False,False,False,False,False,False,False,False,False,False,,,,,,,,,0.98,0.98,,-0.04,-14.81,-9.46,1020.5,45.22,,,,,,,,,681.9,No Band,2173.52,False,Improving,-4.95,-6.54,
401,SWANCORP,Cash (non-F&O),False,Chemicals,2026-10-07,502,False,0,,,Next resistance ₹311.00 (14.4% above entry),"No entry setup (no breakout, retest, pullback or candle at support)",,,0,,False,16.0,271.85,1.12,,,,,30,,311.0,14.4,False,False,False,False,False,True,False,False,False,False,False,False,,,,,,,,,0.41,0.41,Inside-day breakout,-1.79,-14.83,-9.48,493.6,81.57,,,,,,,,,273.65,20,112.03,False,Improving,-3.07,-7.5,
402,ITCHOTELS,Midcap 150,True,Consumer Services,2026-10-07,422,False,0,,,Next resistance ₹159.80 (0.4% above entry),"No entry setup (no breakout, retest, pullback or candle at support); Room to next resistance only 0.4% (need 6%)",Low volume,Thin liquidity: Rs 24 cr/day avg,1,,False,3.91,159.17,-0.65,,,,,30,156.33,159.8,0.4,False,False,False,False,False,False,False,False,False,False,False,False,,,,,,,,,0.67,0.67,,1.49,-14.97,-9.61,226.63,42.38,,,,,,,,,156.33,20,23.82,False,Leading,-2.07,0.96,
403,RECLTD,F&O,True,Financial Services,2026-10-07,502,False,0,,,Next resistance ₹364.35 (21.9% above entry),"No entry setup (no breakout, retest, pullback or candle at support)",,,0,,False,6.02,298.9,-0.37,,,,,30,,364.35,21.9,False,False,False,False,False,True,False,False,False,False,False,False,,,,,,,,,1.09,1.09,,-5.96,-15.07,-9.72,388.3,29.91,,,,,,,,,310.4,No Band,197.67,False,Improving,-4.95,-6.54,
404,IREDA,F&O,True,Financial Services,2026-10-07,502,False,0,,,Next resistance ₹114.75 (6.9% above entry),"No entry setup (no breakout, retest, pullback or candle at support)",,,0,,False,9.37,107.33,-1.53,,,,,30,,114.75,6.91,False,False,False,False,False,True,False,False,False,False,False,False,,,,,,,,,0.99,0.99,,-4.34,-15.09,-9.73,158.7,47.86,,,,,,,,,107.4,No Band,52.19,False,Improving,-4.95,-6.54,
405,VISL,Cash (non-F&O),False,Metals & Mining,2026-10-07,83,False,0,,,Next resistance ₹34.49 (17.2% above entry),"No entry setup (no breakout, retest, pullback or candle at support)","ASM, 5% band, New listing","On NSE ASM list (surveillance; higher margin / trade restrictions possible); 5% price band (daily move capped at 5%); Short history: 83 sessions, limited price structure",3,,False,17.15,29.44,-4.26,,,,,30,,34.49,17.15,False,False,False,False,False,True,False,False,False,False,False,False,,,,,,,,,1.85,1.85,,-13.34,-15.11,-9.75,44.78,52.11,,,,,,,,,30.28,5,60.98,False,Weakening,-7.11,-4.09,
406,MUTHOOTFIN,F&O,False,Financial Services,2026-10-07,502,False,0,,,Next resistance ₹2874.20 (8.3% above entry),"No entry setup (no breakout, retest, pullback or candle at support)",,,0,,False,8.28,2654.4,-1.18,,,,,30,,2874.2,8.28,False,False,False,False,False,True,False,False,False,False,False,False,,,,,,,,,1.11,1.11,,-8.46,-15.18,-9.82,4149.5,56.33,,,,,,,,,2722.3,No Band,151.06,False,Improving,-4.95,-6.54,
407,PIIND,F&O,True,Chemicals,2026-10-07,502,False,0,,,Next resistance ₹2428.70 (9.9% above entry),"No entry setup (no breakout, retest, pullback or candle at support)",,,0,,False,9.9,2210.0,-1.78,,,,,30,2191.0,2428.7,9.9,False,False,False,False,False,True,False,False,False,False,False,False,,,,,,,,,0.59,0.59,,-7.72,-15.24,-9.89,3832.9,73.43,,,,,,,,,2191.0,No Band,66.05,False,Improving,-3.07,-7.5,
408,IRFC,F&O,False,Financial Services,2026-10-07,502,False,0,,,Next resistance ₹81.50 (7.0% above entry),"No entry setup (no breakout, retest, pullback or candle at support)",,,0,,False,8.56,76.15,-1.23,,,,,30,,81.5,7.03,False,False,False,False,False,True,False,False,False,False,False,False,,,,,,,,,0.58,0.58,,-7.13,-15.29,-9.94,137.17,80.13,,,,,,,,,78.16,No Band,70.53,False,Improving,-4.95,-6.54,
409,FIRSTCRY,Cash (non-F&O),False,Consumer Services,2026-10-07,501,False,0,,,Next resistance ₹189.75 (10.2% above entry),"No entry setup (no breakout, retest, pullback or candle at support)",,,0,,False,13.41,172.2,-3.02,,,,,30,163.37,189.75,10.19,False,False,False,False,False,True,False,False,False,False,False,False,,,,,,,,,0.14,0.14,,-2.73,-15.36,-10.0,389.65,126.28,,,,,,,,,163.37,20,156.86,False,Leading,-2.07,0.96,
410,TATACHEM,Cash (non-F&O),False,Chemicals,2026-10-07,502,False,0,,,Next resistance ₹674.80 (10.7% above entry),"No entry setup (no breakout, retest, pullback or candle at support)",,,0,,False,36.44,609.8,-1.09,,,,,30,600.0,674.8,10.66,False,False,False,False,False,True,False,False,False,False,False,False,,,,,,,,,0.12,0.12,,0.35,-15.43,-10.07,944.5,54.89,,,,,,,,,600.0,20,266.37,False,Improving,-3.07,-7.5,
411,TARIL,Cash (non-F&O),False,Capital Goods,2026-10-07,502,False,0,,,Next resistance ₹289.95 (0.3% above entry),"No entry setup (no breakout, retest, pullback or candle at support); Room to next resistance only 0.3% (need 6%)",,,0,,False,3.49,289.15,1.94,,,,,30,266.6,289.95,0.28,False,False,False,False,False,False,False,False,False,False,False,False,,,,,,,,,0.7,0.7,,-2.69,-16.13,-10.77,498.95,72.56,,,,,,,,,266.6,20,125.25,False,Leading,-1.68,1.99,
412,HDFCAMC,F&O,False,Financial Services,2026-10-07,502,False,0,,,Next resistance ₹2456.20 (6.1% above entry),"No entry setup (no breakout, retest, pullback or candle at support)",,,0,,False,6.11,2314.8,-1.6,,,,,30,2223.3,2456.2,6.11,False,False,False,False,False,True,False,False,False,False,False,False,,,,,,,,,1.13,1.13,,-5.41,-16.17,-10.81,2967.25,28.19,,,,,,,,,2223.3,No Band,153.97,False,Improving,-4.95,-6.54,
413,TMPV,F&O,False,Automobile and Auto Components,2026-10-07,502,False,0,,,Next resistance ₹320.15 (13.1% above entry),"No entry setup (no breakout, retest, pullback or candle at support)",,,0,,False,13.13,283.0,-0.98,,,,,30,272.2,320.15,13.13,False,False,False,False,False,True,False,False,False,False,False,False,,,,,,,,,0.86,0.86,,-7.65,-16.26,-10.9,702.0,148.06,,,,,,,,,272.2,No Band,320.34,False,Weakening,-7.53,-4.3,
414,TATAELXSI,F&O,False,Information Technology,2026-10-07,502,False,0,,,Next resistance ₹3532.10 (14.6% above entry),"No entry setup (no breakout, retest, pullback or candle at support)",,,0,,False,14.59,3082.5,-0.34,,,,,30,,3532.1,14.59,False,False,False,False,False,True,False,False,False,False,False,False,,,,,,,,,0.74,0.74,,-11.73,-16.47,-11.11,5950.0,93.03,,,,,,,,,3353.9,No Band,76.85,False,Weakening,-6.55,-1.42,
415,SHREECEM,F&O,True,Construction Materials,2026-10-07,501,False,0,,,Next resistance ₹23000.00 (5.6% above entry),"No entry setup (no breakout, retest, pullback or candle at support); Room to next resistance only 5.6% (need 6%)",,,0,,False,6.7,21780.0,-1.94,,,,,30,21665.0,23000.0,5.6,False,False,False,False,False,False,False,False,False,False,False,False,,,,,,,,,1.01,1.01,,-6.78,-17.17,-11.82,30285.0,39.05,,,,,,,,,21665.0,No Band,97.38,False,Lagging,-5.54,-8.73,
416,AIAENG,Midcap 150,True,Capital Goods,2026-10-07,498,False,0,,,Next resistance ₹3920.00 (1.6% above entry),"No entry setup (no breakout, retest, pullback or candle at support); Room to next resistance only 1.6% (need 6%)",Low volume,Thin liquidity: Rs 22 cr/day avg,1,,False,11.03,3858.0,-1.45,,,,,30,3778.0,3920.0,1.61,False,False,False,False,False,False,False,False,False,False,False,False,,,,,,,,,0.82,0.82,,-8.82,-17.33,-11.98,5180.0,34.27,,,,,,,,,3778.0,20,22.3,False,Leading,-1.68,1.99,
417,KPIGREEN,Cash (non-F&O),False,Power,2026-10-07,502,False,0,,,Next resistance ₹386.90 (15.7% above entry),"Fell 15.7% from its 20-day high (more than 15%: a fall, not a dip)",,,0,,True,15.68,334.45,2.34,,,,,30,323.65,386.9,15.68,False,False,False,False,False,True,False,False,False,False,False,False,,,,,,,,,0.53,0.53,,14.52,-17.34,-11.98,542.25,62.13,,,,,,,,,271.9,20,108.47,False,Improving,-4.48,-10.61,
418,TEJASNET,Cash (non-F&O),False,Telecommunication,2026-10-07,502,False,0,,,Next resistance ₹524.90 (12.5% above entry),"No entry setup (no breakout, retest, pullback or candle at support)",,,0,,False,26.86,466.7,-1.92,,,,,30,465.0,524.9,12.47,False,False,False,False,False,True,False,False,False,False,False,False,,,,,,,,,0.71,0.71,,-20.91,-17.35,-11.99,644.75,38.15,,,,,,,,,495.5,20,74.23,False,Improving,-4.58,-7.51,
419,MARUTI,F&O,False,Automobile and Auto Components,2026-10-07,502,False,0,,,Next resistance ₹13508.00 (18.0% above entry),"No entry setup (no breakout, retest, pullback or candle at support)",,,0,,False,10.86,11450.0,-1.51,,,,,30,,13508.0,17.97,False,False,False,False,False,True,False,False,False,False,False,False,,,,,,,,,1.67,1.67,,-9.42,-17.35,-12.0,17370.0,51.7,,,,,,,,,13197.0,No Band,455.03,False,Weakening,-7.53,-4.3,
420,PRESTIGE,F&O,True,Realty,2026-10-07,502,False,0,,,Next resistance ₹1434.00 (0.3% above entry),"No entry setup (no breakout, retest, pullback or candle at support); Room to next resistance only 0.3% (need 6%)",,,0,,False,8.02,1429.3,-2.62,,,,,30,1417.5,1434.0,0.33,False,False,False,False,False,False,False,False,False,False,False,False,,,,,,,,,1.12,1.12,,-8.47,-17.53,-12.18,1805.2,26.3,,,,,,,,,1417.5,No Band,77.51,False,Improving,-4.44,-8.22,
421,WAAREEENER,F&O,True,Capital Goods,2026-10-07,487,False,0,,,Next resistance ₹2653.00 (10.5% above entry),"No entry setup (no breakout, retest, pullback or candle at support)",,,0,,False,9.75,2401.0,0.13,,,,,30,,2653.0,10.5,False,False,False,False,False,True,False,False,False,False,False,False,,,,,,,,,0.76,0.76,,-6.61,-17.86,-12.5,3718.8,54.89,,,,,,,,,2470.0,No Band,142.34,False,Leading,-1.68,1.99,
422,AWFIS,Cash (non-F&O),False,Unknown,2026-10-07,501,False,0,,,Next resistance ₹279.90 (11.6% above entry),"No entry setup (no breakout, retest, pullback or candle at support)",,,0,,False,21.44,250.75,2.96,,,,,30,244.1,279.9,11.63,False,False,False,False,False,True,False,False,False,False,False,False,,,,,,,,,0.86,0.86,,-1.74,-18.02,-12.66,639.4,155.0,,,,,,,,,244.1,20,51.23,False,No data,,,
423,MAXHEALTH,F&O,False,Healthcare,2026-10-07,502,False,0,Sweep+CHoCH,,Liquidity sweep: dipped 1.3% under ₹903.00 and closed back above it; Change of character: closed below its last higher low ₹1021.10 (minus 2 points); Next resistance ₹993.30 (9.4% above entry),"No entry setup (no breakout, retest, pullback or candle at support)",,,0,,False,18.13,908.0,0.61,,,,,30,,993.3,9.39,False,False,False,False,False,True,False,False,True,False,False,True,903.0,,,,,,,1021.1,0.73,0.73,,-8.56,-18.06,-12.7,1221.9,34.57,,,,,,,,,1021.1,No Band,256.14,False,Leading,-3.21,-0.28,
424,AMBUJACEM,F&O,False,Construction Materials,2026-10-07,502,False,0,,,Next resistance ₹396.00 (11.0% above entry),"No entry setup (no breakout, retest, pullback or candle at support)",F&O ban,F&O ban list (no new F&O positions; cash buying allowed),1,,False,11.39,356.9,-1.29,,,,,30,,396.0,10.96,False,False,False,False,False,True,False,False,False,False,False,False,,,,,,,,,2.35,2.35,,-10.39,-18.23,-12.87,588.75,64.96,,,,,,,,,379.55,No Band,60.24,False,Lagging,-5.54,-8.73,
425,HDBFS,Midcap 150,True,Financial Services,2026-10-07,318,False,0,,,Next resistance ₹694.10 (15.7% above entry),"No entry setup (no breakout, retest, pullback or candle at support)",Low volume,Thin liquidity: Rs 26 cr/day avg,1,,False,16.91,600.1,-2.7,,,,,30,,694.1,15.66,False,False,False,False,False,True,False,False,False,False,False,False,,,,,,,,,2.37,2.37,,-12.4,-18.34,-12.99,796.7,32.76,,,,,,,,,662.4,20,26.17,False,Improving,-4.95,-6.54,
426,PREMIERENE,F&O,True,Capital Goods,2026-10-07,502,False,0,,,Next resistance ₹940.90 (3.4% above entry),"No entry setup (no breakout, retest, pullback or candle at support); Room to next resistance only 3.4% (need 6%)",,,0,,False,7.89,910.0,0.33,,,,,30,853.6,940.9,3.4,False,False,False,False,False,False,False,False,False,False,False,False,,,,,,,,,0.75,0.75,,-7.97,-18.55,-13.19,1134.0,24.62,,,,,,,,,853.6,No Band,112.92,False,Leading,-1.68,1.99,
427,AFCONS,Cash (non-F&O),False,Construction,2026-10-07,482,False,0,,,Next resistance ₹287.95 (17.8% above entry),"No entry setup (no breakout, retest, pullback or candle at support)",,,0,,False,24.62,244.38,0.92,,,,,30,225.35,287.95,17.83,False,False,False,False,False,True,False,False,False,False,False,False,,,,,,,,,0.08,0.08,Inside-day breakout,-12.8,-18.78,-13.43,479.4,96.17,,,,,,,,,225.35,20,72.87,False,Lagging,-5.97,-13.62,
428,GMRAIRPORT,F&O,True,Services,2026-10-07,502,False,0,,,Next resistance ₹98.73 (8.3% above entry),"No entry setup (no breakout, retest, pullback or candle at support)",,,0,,False,11.06,91.19,-2.01,,,,,30,91.16,98.73,8.27,False,False,False,False,False,True,False,False,False,False,False,False,,,,,,,,,1.48,1.48,,-5.99,-18.95,-13.59,115.64,26.81,,,,,,,,,91.99,No Band,112.42,False,Leading,2.35,6.69,
429,LTF,F&O,True,Financial Services,2026-10-07,502,False,0,,,Next resistance ₹273.57 (5.1% above entry),"No entry setup (no breakout, retest, pullback or candle at support); Room to next resistance only 5.1% (need 6%)",,,0,,False,20.77,260.25,-1.57,,,,,30,,273.57,5.12,False,False,False,False,False,False,False,False,False,False,False,False,,,,,,,,,1.18,1.18,,-15.59,-18.99,-13.63,338.6,30.11,,,,,,,,,302.7,No Band,174.3,False,Improving,-4.95,-6.54,
430,TIINDIA,F&O,True,Automobile and Auto Components,2026-10-07,502,False,0,,,Next resistance ₹2637.80 (10.5% above entry),"No entry setup (no breakout, retest, pullback or candle at support)",,,0,,False,12.0,2388.0,-3.43,,,,,30,,2637.8,10.46,False,False,False,False,False,True,False,False,False,False,False,False,,,,,,,,,2.17,2.17,,-9.5,-19.28,-13.93,3335.2,39.66,,,,,,,,,2482.0,No Band,66.68,False,Weakening,-7.53,-4.3,
431,BDL,F&O,True,Capital Goods,2026-10-07,502,False,0,,,Next resistance ₹1196.60 (10.3% above entry),"No entry setup (no breakout, retest, pullback or candle at support)",,,0,,False,12.55,1085.0,-1.52,,,,,30,,1196.6,10.29,False,False,False,False,False,True,False,False,False,False,False,False,,,,,,,,,0.84,0.84,,-12.68,-19.3,-13.95,1633.4,50.54,,,,,,,,,1095.0,No Band,104.13,False,Leading,-1.68,1.99,
432,CROMPTON,F&O,False,Consumer Durables,2026-10-07,502,False,0,,,Next resistance ₹254.50 (20.8% above entry),"No entry setup (no breakout, retest, pullback or candle at support)",,,0,,False,11.06,210.7,-0.6,,,,,30,,254.5,20.79,False,False,False,False,False,True,False,False,False,False,False,False,,,,,,,,,0.51,0.51,,-9.14,-19.49,-14.13,310.5,47.37,,,,,,,,,226.05,No Band,45.96,False,Leading,-4.41,-2.96,
433,LUPIN,F&O,True,Healthcare,2026-10-07,501,False,0,,,Next resistance ₹2076.60 (3.2% above entry),"No entry setup (no breakout, retest, pullback or candle at support); Room to next resistance only 3.2% (need 6%)",,,0,,False,6.07,2012.9,-0.81,,,,,30,1969.9,2076.6,3.16,False,False,False,False,False,False,False,False,False,False,False,False,,,,,,,,,1.18,1.18,,-4.38,-19.59,-14.23,2529.5,25.66,,,,,,,,,2033.5,No Band,138.39,False,Leading,-3.21,-0.28,
434,ATGL,Midcap 150,True,Oil Gas & Consumable Fuels,2026-10-07,502,False,0,,,Next resistance ₹597.85 (2.7% above entry),"No entry setup (no breakout, retest, pullback or candle at support); Room to next resistance only 2.7% (need 6%)",,,0,,False,15.96,581.9,-1.11,,,,,30,576.4,597.85,2.74,False,False,False,False,False,False,False,False,False,False,False,False,,,,,,,,,0.21,0.21,,-4.51,-19.62,-14.26,859.85,47.77,,,,,,,,,576.4,20,172.2,False,Leading,-1.92,-2.6,
435,PFC,F&O,False,Financial Services,2026-10-07,502,False,0,,,Next resistance ₹349.95 (7.5% above entry),"No entry setup (no breakout, retest, pullback or candle at support)",,,0,,False,8.97,325.55,0.91,,,,,30,,349.95,7.5,False,False,False,False,False,True,False,False,False,False,False,False,,,,,,,,,2.03,2.03,,-8.53,-19.91,-14.56,486.5,49.44,,,,,,,,,336.3,No Band,279.46,False,Improving,-4.95,-6.54,
436,SAMMAANCAP,Cash (non-F&O),False,Financial Services,2026-10-07,502,False,0,,,Next resistance ₹149.20 (12.2% above entry),"No entry setup (no breakout, retest, pullback or candle at support)",,,0,,False,14.5,132.94,-1.09,,,,,30,,149.2,12.23,False,False,False,False,False,True,False,False,False,False,False,False,,,,,,,,,0.72,0.72,,-13.11,-20.14,-14.78,192.95,45.14,,,,,,,,,139.96,20,52.73,False,Improving,-4.95,-6.54,
437,ADANIENSOL,F&O,False,Power,2026-10-07,502,False,0,,,Next resistance ₹1436.50 (8.9% above entry),"No entry setup (no breakout, retest, pullback or candle at support)",,,0,,False,9.14,1318.8,-2.32,,,,,30,1275.2,1436.5,8.92,False,False,False,False,False,True,False,False,False,False,False,False,,,,,,,,,0.88,0.88,,-6.32,-20.27,-14.91,1789.0,35.65,,,,,,,,,1275.2,No Band,223.37,False,Improving,-4.48,-10.61,
438,GODREJCP,F&O,False,Fast Moving Consumer Goods,2026-10-07,502,False,0,,,Next resistance ₹891.00 (2.9% above entry),"No entry setup (no breakout, retest, pullback or candle at support); Room to next resistance only 2.9% (need 6%)",,,0,,False,2.94,865.55,-0.8,,,,,30,856.0,891.0,2.94,False,False,False,False,False,False,False,False,False,False,False,False,,,,,,,,,1.48,1.48,,0.06,-20.48,-15.12,1273.9,47.18,,,,,,,,,856.0,No Band,77.18,False,Improving,-0.31,-9.53,
439,GRSE,Cash (non-F&O),False,Capital Goods,2026-10-07,502,False,0,,,Next resistance ₹2459.20 (17.0% above entry),"No entry setup (no breakout, retest, pullback or candle at support)",,,0,,False,19.34,2102.0,-1.65,,,,,30,,2459.2,16.99,False,False,False,False,False,True,False,False,False,False,False,False,,,,,,,,,0.87,0.87,,-16.78,-21.04,-15.68,3339.0,58.85,,,,,,,,,2290.0,20,73.6,False,Leading,-1.68,1.99,
440,BANDHANBNK,F&O,False,Financial Services,2026-10-07,502,False,0,,,Next resistance ₹170.09 (4.4% above entry),"No entry setup (no breakout, retest, pullback or candle at support); Room to next resistance only 4.4% (need 6%)",F&O ban,F&O ban list (no new F&O positions; cash buying allowed),1,,False,18.41,162.99,-0.71,,,,,30,159.24,170.09,4.36,False,False,False,False,False,False,False,False,False,False,False,False,,,,,,,,,0.73,0.73,,-5.01,-22.39,-17.03,220.76,35.44,,,,,,,,,159.24,No Band,243.29,False,Improving,-4.95,-6.54,
441,SHAKTIPUMP,Cash (non-F&O),False,Capital Goods,2026-10-07,502,False,0,,,Next resistance ₹515.50 (15.2% above entry),"No entry setup (no breakout, retest, pullback or candle at support)",,,0,,False,17.22,447.4,-0.43,,,,,30,,515.5,15.22,False,False,False,False,False,True,False,False,False,False,False,False,,,,,,,,,0.4,0.4,,-5.41,-22.76,-17.41,829.95,85.51,,,,,,,,,455.0,20,54.55,False,Leading,-1.68,1.99,
442,NBCC,F&O,False,Construction,2026-10-07,502,False,0,,,Next resistance ₹84.28 (9.8% above entry),"No entry setup (no breakout, retest, pullback or candle at support)",,,0,,False,10.37,76.74,-0.4,,,,,30,,84.28,9.83,False,False,False,False,False,True,False,False,False,False,False,False,,,,,,,,,0.74,0.74,,-10.77,-23.24,-17.89,125.85,64.0,,,,,,,,,79.72,No Band,38.79,False,Lagging,-5.97,-13.62,
443,DELHIVERY,F&O,False,Services,2026-10-07,502,False,0,,,Next resistance ₹415.90 (4.5% above entry),"No entry setup (no breakout, retest, pullback or candle at support); Room to next resistance only 4.5% (need 6%)",,,0,,False,13.31,398.15,-2.29,,,,,30,,415.9,4.46,False,False,False,False,False,False,False,False,False,False,False,False,,,,,,,,,0.4,0.4,,-12.48,-23.48,-18.12,524.0,31.61,,,,,,,,,414.6,No Band,112.14,False,Leading,2.35,6.69,
444,GODREJPROP,F&O,True,Realty,2026-10-07,502,False,0,,,Next resistance ₹1834.80 (16.1% above entry),"No entry setup (no breakout, retest, pullback or candle at support)",,,0,,False,18.64,1580.2,-1.85,,,,,30,,1834.8,16.11,False,False,False,False,False,True,False,False,False,False,False,False,,,,,,,,,0.33,0.33,,-17.12,-25.92,-20.56,2352.0,48.84,,,,,,,,,1647.6,No Band,98.27,False,Improving,-4.44,-8.22,
445,ZEEL,Cash (non-F&O),False,Media Entertainment & Publication,2026-10-07,502,False,0,,,Next resistance ₹83.88 (19.6% above entry),"No entry setup (no breakout, retest, pullback or candle at support)",,,0,,False,21.36,70.12,-3.18,,,,,30,,83.88,19.62,False,False,False,False,False,True,False,False,False,False,False,False,,,,,,,,,1.19,1.19,,-18.76,-28.06,-22.7,118.35,68.78,,,,,,,,,90.0,20,109.53,False,Leading,2.2,24.57,
446,SUZLON,F&O,True,Capital Goods,2026-10-07,502,False,0,,,Next resistance ₹42.85 (11.8% above entry),"No entry setup (no breakout, retest, pullback or candle at support)",,,0,,False,19.14,38.34,-2.09,,,,,30,,42.85,11.76,False,False,False,False,False,True,False,False,False,False,False,False,,,,,,,,,1.43,1.43,,-15.74,-28.89,-23.54,61.5,60.41,,,,,,,,,45.93,No Band,215.53,False,Leading,-1.68,1.99,
447,POLICYBZR,F&O,True,Financial Services,2026-10-07,501,False,0,,,Next resistance ₹1546.70 (48.7% above entry),"No entry setup (no breakout, retest, pullback or candle at support)",ASM,On NSE ASM list (surveillance; higher margin / trade restrictions possible),1,,False,83.16,1040.0,0.49,,,,,30,,1546.7,48.72,False,False,False,False,False,True,False,False,False,False,False,False,,,,,,,,,0.44,0.44,Hammer,-43.04,-34.19,-28.84,1964.2,88.87,,,,,,,,,1710.1,No Band,957.87,False,Improving,-4.95,-6.54,
448,SBIFUNDS,Cash (non-F&O),False,Unknown,2026-10-07,57,False,0,,,Next resistance ₹567.95 (13.3% above entry),"No entry setup (no breakout, retest, pullback or candle at support)",New listing,"Short history: 57 sessions, limited price structure",1,,False,13.32,501.2,-0.33,,,,,30,,567.95,13.32,False,False,False,False,False,True,False,False,False,False,False,False,,,,,,,,,1.33,1.33,,-9.81,,,624.95,24.69,,,,,,,,,525.3,10,51.01,False,No data,,,
449,MVELECTRO,Cash (non-F&O),False,Unknown,2026-10-07,45,False,0,,,Next resistance ₹948.00 (3.0% above entry),"No entry setup (no breakout, retest, pullback or candle at support); Room to next resistance only 3.0% (need 6%)",New listing,"Short history: 45 sessions, limited price structure",1,,False,5.41,920.25,-1.38,,,,,30,916.0,948.0,3.02,False,False,False,False,False,False,False,False,False,False,False,False,,,,,,,,,0.36,0.36,,4.19,,,970.0,5.41,,,,,,,,,781.3,10,175.0,False,No data,,,
450,OIL,F&O,True,Oil Gas & Consumable Fuels,2026-10-07,501,False,-1,E+CHoCH,Candle at support,Inside-day breakout at support; Change of character: closed below its last higher low ₹458.70 (minus 2 points); Next resistance ₹465.00 (0.4% above entry),Room to next resistance only 0.4% (need 6%),,,0,In buy zone,False,13.38,453.75,1.32,449.5,462.99,476.87,490.76,30,449.5,465.0,0.44,False,False,False,False,True,False,False,False,False,False,False,True,,,,,,,,458.7,0.67,0.67,Inside-day breakout,-6.83,7.26,12.61,531.0,17.02,,,,,,,,,458.7,No Band,99.78,False,Leading,-1.92,-2.6,
451,CRAFTSMAN,Cash (non-F&O),False,Automobile and Auto Components,2026-10-07,500,False,-2,CHoCH,,Change of character: closed below its last higher low ₹10350.00 (minus 2 points); Next resistance ₹10762.00 (5.5% above entry),"No entry setup (no breakout, retest, pullback or candle at support); Room to next resistance only 5.5% (need 6%)",,,0,,False,17.66,10198.0,-1.45,,,,,30,9938.0,10762.0,5.53,False,False,False,False,False,False,False,False,False,False,False,True,,,,,,,,10350.0,0.64,0.64,,-10.59,9.64,15.0,11999.0,17.66,,,,,,,,,10350.0,20,54.63,False,Weakening,-7.53,-4.3,
452,GLAXO,Midcap 150,True,Healthcare,2026-10-07,501,False,-2,CHoCH,,Change of character: closed below its last higher low ₹2755.90 (minus 2 points); Next resistance ₹2668.80 (1.3% above entry),"No entry setup (no breakout, retest, pullback or candle at support); Room to next resistance only 1.3% (need 6%)",Low volume,Thin liquidity: Rs 21 cr/day avg,1,,False,13.4,2634.0,-4.39,,,,,30,2585.1,2668.8,1.32,False,False,False,False,False,False,False,False,False,False,False,True,,,,,,,,2755.9,1.8,1.8,,-10.95,7.93,13.29,3120.7,18.48,,,,,,,,,2755.9,20,20.72,False,Leading,-3.21,-0.28,
453,BOSCHLTD,F&O,False,Automobile and Auto Components,2026-10-07,500,False,-2,CHoCH,,Change of character: closed below its last higher low ₹46850.00 (minus 2 points); Next resistance ₹49100.00 (10.6% above entry),"No entry setup (no breakout, retest, pullback or candle at support)",,,0,,False,10.56,44410.0,-1.31,,,,,30,42985.0,49100.0,10.56,False,False,False,False,False,True,False,False,False,False,False,True,,,,,,,,46850.0,0.9,0.9,,-7.53,5.17,10.53,50000.0,12.59,,,,,,,,,46850.0,No Band,107.51,False,Weakening,-7.53,-4.3,
454,TATSILV,Cash (non-F&O),False,Unknown,2026-10-07,486,False,-2,CHoCH,,Change of character: closed below its last higher low ₹21.72 (minus 2 points); Next resistance ₹22.08 (4.1% above entry),"No entry setup (no breakout, retest, pullback or candle at support); Room to next resistance only 4.1% (need 6%)",,,0,,False,12.87,21.21,-0.89,,,,,30,18.33,22.08,4.1,False,False,False,False,False,False,False,False,False,False,False,True,,,,,,,,21.72,0.83,0.83,,-8.66,0.9,6.26,35.1,65.49,,,,,,,,,21.72,No Band,96.83,False,No data,,,
455,GLENMARK,F&O,True,Healthcare,2026-10-07,502,False,-2,CHoCH,,Change of character: closed below its last higher low ₹2306.30 (minus 2 points); Next resistance ₹2297.90 (0.7% above entry),"No entry setup (no breakout, retest, pullback or candle at support); Room to next resistance only 0.7% (need 6%)",,,0,,False,8.78,2282.3,-1.24,,,,,30,2252.5,2297.9,0.68,False,False,False,False,False,False,False,False,False,False,False,True,,,,,,,,2306.3,0.92,0.92,,-7.77,-0.03,5.33,2537.6,11.19,,,,,,,,,2306.3,No Band,130.54,False,Leading,-3.21,-0.28,
456,BAJAJ-AUTO,F&O,False,Automobile and Auto Components,2026-10-07,502,False,-2,CHoCH,,Change of character: closed below its last higher low ₹11618.00 (minus 2 points); Next resistance ₹9941.00 (0.6% above entry),"No entry setup (no breakout, retest, pullback or candle at support); Room to next resistance only 0.6% (need 6%)",,,0,,False,19.59,9884.0,-1.33,,,,,30,9254.5,9941.0,0.58,False,False,False,False,False,False,False,False,False,False,False,True,,,,,,,,11618.0,1.72,1.72,,-16.8,-2.68,2.68,12470.0,26.16,,,,,,,,,11618.0,No Band,292.68,False,Weakening,-7.53,-4.3,
457,SUNDARMFIN,Midcap 150,True,Financial Services,2026-10-07,502,False,-2,CHoCH,,Change of character: closed below its last higher low ₹4401.50 (minus 2 points); Next resistance ₹4658.00 (8.3% above entry),"No entry setup (no breakout, retest, pullback or candle at support)",Low volume,Thin liquidity: Rs 20 cr/day avg,1,,False,13.31,4301.2,-1.07,,,,,30,,4658.0,8.3,False,False,False,False,False,True,False,False,False,False,False,True,,,,,,,,4401.5,0.61,0.61,,-8.73,-5.98,-0.63,5642.0,31.17,,,,,,,,,4401.5,20,20.43,False,Improving,-4.95,-6.54,
458,ENDURANCE,Midcap 150,True,Automobile and Auto Components,2026-10-07,501,False,-2,CHoCH,,Change of character: closed below its last higher low ₹2582.00 (minus 2 points); Next resistance ₹2579.70 (2.6% above entry),"No entry setup (no breakout, retest, pullback or candle at support); Room to next resistance only 2.6% (need 6%)",Low volume,Thin liquidity: Rs 23 cr/day avg,1,,False,12.32,2513.4,-0.1,,,,,30,2477.0,2579.7,2.64,False,False,False,False,False,False,False,False,False,False,False,True,,,,,,,,2582.0,0.84,0.84,,-9.04,-7.14,-1.79,3072.0,22.22,,,,,,,,,2582.0,20,23.44,False,Weakening,-7.53,-4.3,
459,BANKINDIA,F&O,True,Financial Services,2026-10-07,502,False,-2,CHoCH,,Change of character: closed below its last higher low ₹136.85 (minus 2 points); Next resistance ₹143.75 (7.6% above entry),"No entry setup (no breakout, retest, pullback or candle at support)",,,0,,False,6.87,133.55,1.05,,,,,30,,143.75,7.64,False,False,False,False,False,True,False,False,False,False,False,True,,,,,,,,136.85,1.93,1.93,,-5.19,-7.83,-2.48,178.36,33.55,,,,,,,,,136.85,No Band,71.3,False,Improving,-4.95,-6.54,
460,MRF,Midcap 150,True,Automobile and Auto Components,2026-10-07,500,False,-2,CHoCH,,Change of character: closed below its last higher low ₹129570.00 (minus 2 points); Next resistance ₹129600.00 (5.3% above entry),"No entry setup (no breakout, retest, pullback or candle at support); Room to next resistance only 5.3% (need 6%)",Low volume,Thin liquidity: Rs 36 cr/day avg,1,,False,5.3,123075.0,-0.81,,,,,30,,129600.0,5.3,False,False,False,False,False,False,False,False,False,False,False,True,,,,,,,,129570.0,0.74,0.74,,-4.51,-8.06,-2.71,163600.0,32.93,,,,,,,,,129570.0,20,36.32,False,Weakening,-7.53,-4.3,
461,EMMVEE,Cash (non-F&O),False,Capital Goods,2026-10-07,225,False,-2,CHoCH,,Change of character: closed below its last higher low ₹316.05 (minus 2 points); Next resistance ₹334.70 (9.5% above entry),"Fell 16.0% from its 20-day high (more than 15%: a fall, not a dip)",,,0,,True,16.02,305.8,3.14,,,,,30,299.5,334.7,9.45,False,False,False,False,False,True,False,False,False,False,False,True,,,,,,,,316.05,1.21,1.21,Bullish engulfing,-7.68,-8.24,-2.88,371.55,21.5,,,,,,,,,316.05,10,83.48,False,Leading,-1.68,1.99,
462,GRASIM,F&O,False,Construction Materials,2026-10-07,501,False,-2,CHoCH,,Change of character: closed below its last higher low ₹3222.10 (minus 2 points); Next resistance ₹2960.00 (1.3% above entry),"No entry setup (no breakout, retest, pullback or candle at support); Room to next resistance only 1.3% (need 6%)",,,0,,False,13.81,2921.1,-1.61,,,,,30,2893.0,2960.0,1.33,False,False,False,False,False,False,False,False,False,False,False,True,,,,,,,,3222.1,0.34,0.34,,-11.55,-8.48,-3.13,3411.1,16.77,,,,,,,,,3222.1,No Band,207.43,False,Lagging,-5.54,-8.73,
463,OFSS,F&O,True,Information Technology,2026-10-07,502,False,-2,CHoCH,,Change of character: closed below its last higher low ₹11355.00 (minus 2 points); Next resistance ₹11968.00 (13.2% above entry),"No entry setup (no breakout, retest, pullback or candle at support)",,,0,,False,14.4,10576.0,0.9,,,,,30,9999.0,11968.0,13.16,False,False,False,False,False,True,False,False,False,False,False,True,,,,,,,,11355.0,0.97,0.97,Inside-day breakout,-10.22,-9.23,-3.87,12540.0,18.57,,,,,,,,,11355.0,No Band,231.83,False,Weakening,-6.55,-1.42,
464,NATIONALUM,F&O,True,Metals & Mining,2026-10-07,502,False,-2,CHoCH,,Change of character: closed below its last higher low ₹375.00 (minus 2 points); Next resistance ₹363.95 (13.3% above entry),"No entry setup (no breakout, retest, pullback or candle at support)",,,0,,False,19.2,321.3,-4.73,,,,,30,271.89,363.95,13.27,False,False,False,False,False,True,False,False,False,False,False,True,,,,,,,,375.0,2.14,2.14,,-13.41,-9.45,-4.1,445.15,38.55,,,,,,,,,375.0,No Band,154.1,False,Weakening,-7.11,-4.09,
465,SWIGGY,F&O,True,Consumer Services,2026-10-07,475,False,-2,CHoCH,,Change of character: closed below its last higher low ₹269.45 (minus 2 points); Next resistance ₹270.00 (9.8% above entry),"No entry setup (no breakout, retest, pullback or candle at support)",,,0,,False,17.74,246.0,0.74,,,,,30,,270.0,9.76,False,False,False,False,False,True,False,False,False,False,False,True,,,,,,,,269.45,1.2,1.2,Inside-day breakout,-10.77,-9.97,-4.62,459.95,86.97,,,,,,,,,269.45,No Band,349.83,False,Leading,-2.07,0.96,
466,POWERGRID,F&O,False,Power,2026-10-07,502,False,-2,CHoCH,,Change of character: closed below its last higher low ₹262.80 (minus 2 points); Next resistance ₹270.05 (6.7% above entry),"No entry setup (no breakout, retest, pullback or candle at support)",,,0,,False,8.3,253.05,-1.61,,,,,30,,270.05,6.72,False,False,False,False,False,True,False,False,False,False,False,True,,,,,,,,262.8,0.48,0.48,,-4.78,-10.61,-5.26,324.95,28.41,,,,,,,,,262.8,No Band,229.66,False,Improving,-4.48,-10.61,
467,BRITANNIA,F&O,False,Fast Moving Consumer Goods,2026-10-07,502,False,-2,CHoCH,,Change of character: closed below its last higher low ₹5363.50 (minus 2 points); Next resistance ₹5258.00 (10.0% above entry),"No entry setup (no breakout, retest, pullback or candle at support)",,,0,,False,6.86,4780.0,-2.13,,,,,30,,5258.0,10.0,False,False,False,False,False,True,False,False,False,False,False,True,,,,,,,,5363.5,1.05,1.05,,-5.61,-10.7,-5.35,6271.0,31.19,,,,,,,,,5363.5,No Band,116.88,False,Improving,-0.31,-9.53,
468,UBL,Midcap 150,True,Fast Moving Consumer Goods,2026-10-07,501,False,-2,CHoCH,,Change of character: closed below its last higher low ₹1325.40 (minus 2 points); Next resistance ₹1289.70 (8.8% above entry),"No entry setup (no breakout, retest, pullback or candle at support)",Low volume,Thin liquidity: Rs 16 cr/day avg,1,,False,8.77,1185.7,0.63,,,,,30,,1289.7,8.77,False,False,False,False,False,True,False,False,False,False,False,True,,,,,,,,1325.4,0.34,0.34,,-8.16,-10.73,-5.37,1844.0,55.52,,,,,,,,,1325.4,20,15.79,False,Improving,-0.31,-9.53,
469,COROMANDEL,Midcap 150,True,Chemicals,2026-10-07,501,False,-2,CHoCH,,Change of character: closed below its last higher low ₹1910.00 (minus 2 points); Next resistance ₹1915.50 (9.7% above entry),"No entry setup (no breakout, retest, pullback or candle at support)",Low volume,Thin liquidity: Rs 32 cr/day avg,1,,False,15.72,1745.5,-2.39,,,,,30,,1915.5,9.74,False,False,False,False,False,True,False,False,False,False,False,True,,,,,,,,1910.0,1.77,1.77,,-11.6,-13.34,-7.99,2499.0,43.17,,,,,,,,,1910.0,20,32.16,False,Improving,-3.07,-7.5,
470,CHOLAFIN,F&O,False,Financial Services,2026-10-07,502,False,-2,CHoCH,,Change of character: closed below its last higher low ₹1773.50 (minus 2 points); Next resistance ₹1605.60 (2.6% above entry),"No entry setup (no breakout, retest, pullback or candle at support); Room to next resistance only 2.6% (need 6%)",,,0,,False,19.4,1564.7,-2.87,,,,,30,,1605.6,2.61,False,False,False,False,False,False,False,False,False,False,False,True,,,,,,,,1773.5,1.23,1.23,,-14.19,-13.45,-8.09,1952.5,24.78,,,,,,,,,1773.5,No Band,264.68,False,Improving,-4.95,-6.54,
471,KPITTECH,F&O,False,Information Technology,2026-10-07,502,False,-2,CHoCH,,Change of character: closed below its last higher low ₹577.00 (minus 2 points); Next resistance ₹578.90 (19.5% above entry),"No entry setup (no breakout, retest, pullback or candle at support)",,,0,,False,19.97,484.25,-1.72,,,,,30,,578.9,19.55,False,False,False,False,False,True,False,False,False,False,False,True,,,,,,,,577.0,0.67,0.67,,-13.83,-13.8,-8.44,1284.9,165.34,,,,,,,,,577.0,No Band,80.14,False,Weakening,-6.55,-1.42,
472,UPL,F&O,True,Chemicals,2026-10-07,502,False,-2,CHoCH,,Change of character: closed below its last higher low ₹560.25 (minus 2 points); Next resistance ₹580.00 (17.2% above entry),"No entry setup (no breakout, retest, pullback or candle at support)",,,0,,False,17.17,495.0,-2.86,,,,,30,,580.0,17.17,False,False,False,False,False,True,False,False,False,False,False,True,,,,,,,,560.25,1.0,1.0,,-14.17,-16.77,-11.42,812.2,64.08,,,,,,,,,560.25,No Band,119.49,False,Improving,-3.07,-7.5,
473,IFCI,Cash (non-F&O),False,Financial Services,2026-10-07,502,False,-2,CHoCH,,Change of character: closed below its last higher low ₹73.01 (minus 2 points); Next resistance ₹64.17 (0.2% above entry),"No entry setup (no breakout, retest, pullback or candle at support); Room to next resistance only 0.2% (need 6%)",,,0,,False,41.18,64.03,-2.26,,,,,30,63.48,64.17,0.22,False,False,False,False,False,False,False,False,False,False,False,True,,,,,,,,73.01,0.32,0.32,,-30.86,-17.34,-11.98,107.5,67.89,,,,,,,,,73.01,20,446.21,False,Improving,-4.95,-6.54,
474,VOLTAS,F&O,True,Consumer Durables,2026-10-07,502,False,-2,CHoCH,,Change of character: closed below its last higher low ₹1291.00 (minus 2 points); Next resistance ₹1179.00 (11.6% above entry),"No entry setup (no breakout, retest, pullback or candle at support)",,,0,,False,11.56,1056.8,-1.04,,,,,30,,1179.0,11.56,False,False,False,False,False,True,False,False,False,False,False,True,,,,,,,,1291.0,0.44,0.44,,-7.69,-17.87,-12.51,1582.5,49.74,,,,,,,,,1291.0,No Band,78.39,False,Leading,-4.41,-2.96,
475,INOXWIND,F&O,False,Capital Goods,2026-10-07,502,False,-2,CHoCH,,Change of character: closed below its last higher low ₹72.67 (minus 2 points); Next resistance ₹77.85 (16.0% above entry),"No entry setup (no breakout, retest, pullback or candle at support)",,,0,,False,17.57,67.1,-2.33,,,,,30,,77.85,16.02,False,False,False,False,False,True,False,False,False,False,False,True,,,,,,,,72.67,1.15,1.15,,-11.37,-18.77,-13.42,159.3,137.41,,,,,,,,,72.67,No Band,61.44,False,Leading,-1.68,1.99,
476,VOGL,Cash (non-F&O),False,Oil Gas & Consumable Fuels,2026-10-07,83,False,-2,CHoCH,,Change of character: closed below its last higher low ₹35.98 (minus 2 points); Next resistance ₹36.23 (16.5% above entry),"No entry setup (no breakout, retest, pullback or candle at support)",New listing,"Short history: 83 sessions, limited price structure",1,,False,20.35,31.11,-0.96,,,,,30,,36.23,16.46,False,False,False,False,False,True,False,False,False,False,False,True,,,,,,,,35.98,0.5,0.5,,-15.12,-19.7,-14.34,47.6,53.01,,,,,,,,,35.98,20,69.97,False,Leading,-1.92,-2.6,
477,THERMAX,Midcap 150,True,Capital Goods,2026-10-07,501,False,-2,CHoCH,,Change of character: closed below its last higher low ₹3934.00 (minus 2 points); Next resistance ₹3246.60 (0.5% above entry),"No entry setup (no breakout, retest, pullback or candle at support); Room to next resistance only 0.5% (need 6%)",,,0,,False,15.15,3230.4,0.16,,,,,30,3120.0,3246.6,0.5,False,False,False,False,False,False,False,False,False,False,False,True,,,,,,,,3934.0,0.66,0.66,,-11.0,-32.83,-27.47,5277.8,63.38,,,,,,,,,3934.0,20,52.92,False,Leading,-1.68,1.99,
